pool_address,tvl,blockchain_name,blockchain_id,protocol_name,protocol_id,token0_address,token1_address
0x51bcaa89ddb84c4c077c8ba72303bf4c5cb991f4,12805.5596309758,polygon,4,quickswap,4,0x0d500b1d8e8ef31e21c99d1db9a6444d3adf1270,0x430ef9263e76dae63c84292c3409d61c598e9682
0x777eccbad6952e185f743e20d5d85ca795270ac8,16950.632035,polygon,4,dfyn,1,0xc2132d05d31c914a87c6611c10748aeb04b58e8f,0x3c5a5885f6ee4acc2597069fe3c19f49c6efba96
0x216941e9c3dda2a86c1e6285379e0301bc8c0c4a,167997.3204023014,polygon,4,dfyn,1,0x2791bca1f2de4661ed88a30c99a7a9449aa84174,0x692597b009d13c4049a947cab2239b7d6517875f
0x014ac2a53aa6fba4dcd93fde6d3c787b79a1a6e6,273609.8544762212,polygon,4,sushiswap,5,0x0d500b1d8e8ef31e21c99d1db9a6444d3adf1270,0xe06bd4f5aac8d0aa337d13ec88db6defc6eaeefe
0x91bca6cbc144c2fd843534523eaa5e34686a9b19,17892.8287414484,polygon,4,quickswap,4,0x2791bca1f2de4661ed88a30c99a7a9449aa84174,0x03b54a6e9a984069379fae1a4fc4dbae93b3bccd
0xd5be7961dccb04a22dfe8bea0c584072cfa9d647,13586.7239357667,polygon,4,quickswap,4,0xa3fa99a148fa48d14ed51d610c367c61876997f1,0xb5c064f955d8e7f38fe0460c556a72987494ee17
0xa79983daf2a92c2c902cd74217efe3d8af9fba2a,3451.0645089079,polygon,4,sushiswap,5,0x0d500b1d8e8ef31e21c99d1db9a6444d3adf1270,0xaaa5b9e6c589642f98a1cda99b9d024b8407285a
0x450918694c49df24092dba12d0b58b7a44ebf07b,22591.9411604695,polygon,4,uniswap_v3,3,0x2791bca1f2de4661ed88a30c99a7a9449aa84174,0x61299774020da444af134c82fa83e3810b309991
0x1274de0de2e9d9b1d0e06313c0e5edd01cc335ef,57642.4510492336,polygon,4,sushiswap,5,0x7ceb23fd6bc0add59e62ac25578270cff1b9f619,0x2c89bbc92bd86f8075d1decc58c7f4e0107f286b
0x6cf8654e85ab489ca7e70189046d507eba233613,780919.2566517458,polygon,4,apeswap,7,0x7ceb23fd6bc0add59e62ac25578270cff1b9f619,0x0d500b1d8e8ef31e21c99d1db9a6444d3adf1270
0x5b13b583d4317ab15186ed660a1e4c65c10da659,474481.9511009236,polygon,4,apeswap,7,0x2791bca1f2de4661ed88a30c99a7a9449aa84174,0x8f3cf7ad23cd3cadbd9735aff958023239c6a063
0x88f3c15523544835ff6c738ddb30995339ad57d6,575728.5847309094,polygon,4,uniswap_v3,3,0x2791bca1f2de4661ed88a30c99a7a9449aa84174,0x0d500b1d8e8ef31e21c99d1db9a6444d3adf1270
0x5786b267d35f9d011c4750e0b0ba584e1fdbead1,2997898.1303,polygon,4,sushiswap,5,0x2791bca1f2de4661ed88a30c99a7a9449aa84174,0x4e78011ce80ee02d2c3e649fb657e45898257815
0xfe530931da161232ec76a7c3bea7d36cf3811a0d,34123.5006698706,polygon,4,uniswap_v3,3,0x8f3cf7ad23cd3cadbd9735aff958023239c6a063,0x0d500b1d8e8ef31e21c99d1db9a6444d3adf1270
0x59db5ea66958b19641b6891fc373b44b567ea15c,134492.668612622,polygon,4,uniswap_v3,3,0x0d500b1d8e8ef31e21c99d1db9a6444d3adf1270,0x3a58a54c066fdc0f2d55fc9c89f0415c92ebf3c4
0xc30d6bc42911aa21a63e51c7121b33b3e65cc3c4,45369.554136,polygon,4,sushiswap,5,0x2791bca1f2de4661ed88a30c99a7a9449aa84174,0x9af3b7dc29d3c4b1a5731408b6a9656fa7ac3b72
0x478577fd3ae5d1c63c3023a2e828f22698589a0a,10429.6560427044,polygon,4,dfyn,1,0xc168e40227e4ebd8c1cae80f7a55a4f0e6d66c97,0xfd4959c06fbcc02250952daebf8e0fb38cf9fd8c
0x3324af8417844e70b81555a6d1568d78f4d4bf1f,8021.210478,polygon,4,sushiswap,5,0x2791bca1f2de4661ed88a30c99a7a9449aa84174,0xaa9654becca45b5bdfa5ac646c939c62b527d394
0x171dabe5b6c39f09a9f36bb760c83decc752cdc7,17939.282969,polygon,4,uniswap_v3,3,0x2791bca1f2de4661ed88a30c99a7a9449aa84174,0x264808855b0a6a5a318d238c6ee9f299179f27fc
0x3f7cd6c7093d5a783128c926200c1fccb1d36b76,79452.918247,polygon,4,uniswap_v3,3,0x2791bca1f2de4661ed88a30c99a7a9449aa84174,0x2934b36ca9a4b31e633c5be670c8c8b28b6aa015
0x6f90b28c87b756560362d944cffcaabcedd2dd41,46098.8686248716,polygon,4,dfyn,1,0x7ceb23fd6bc0add59e62ac25578270cff1b9f619,0xc3ec80343d2bae2f8e680fdadde7c17e71e114ea
0xe9bb87c33d1607b06fb3988b31e9601bd21ff3bd,2217.0624540848,polygon,4,sushiswap,5,0x0d500b1d8e8ef31e21c99d1db9a6444d3adf1270,0x76e63a3e7ba1e2e61d3da86a87479f983de89a7e
0x4b8db017f09f911f5d4387dd602ba40f7bc32b90,44729.9271082996,polygon,4,quickswap,4,0x3a58a54c066fdc0f2d55fc9c89f0415c92ebf3c4,0xfa68fb4628dff1028cfec22b4162fccd0d45efb6
0x86f1d8390222a3691c28938ec7404a1661e618e0,1823260.720356952,polygon,4,uniswap_v3,3,0x7ceb23fd6bc0add59e62ac25578270cff1b9f619,0x0d500b1d8e8ef31e21c99d1db9a6444d3adf1270
0x496cd143589508cd8b28312bc88881db7dbd586e,74793.5341254708,polygon,4,kyberswap,6,0x7ceb23fd6bc0add59e62ac25578270cff1b9f619,0x2760e46d9bb43dafcbecaad1f64b93207f9f0ed7
0x16905a1e7f86abc4722f27943d7f42e1368e0090,2881.6645056051,polygon,4,uniswap_v3,3,0x7ceb23fd6bc0add59e62ac25578270cff1b9f619,0xc5b57e9a1e7914fda753a88f24e5703e617ee50c
0x61f2603c0f769ede145bf0dace3e3f280cba9c8c,3578.979337,polygon,4,uniswap_v3,3,0x2791bca1f2de4661ed88a30c99a7a9449aa84174,0x50b728d8d964fd00c2d0aad81718b71311fef68a
0x5b1fd9fa139353c5d9eaf459e4bd2f7a6b4812bb,564739.110592981,polygon,4,quickswap,4,0xc2132d05d31c914a87c6611c10748aeb04b58e8f,0xa3fa99a148fa48d14ed51d610c367c61876997f1
0xd503cd445dce6fd99e12d74b60ad5f0acf8cbcf6,4511.092325,polygon,4,dfyn,1,0x2791bca1f2de4661ed88a30c99a7a9449aa84174,0xe6fc6c7cb6d2c31b359a49a33ef08ab87f4de7ce
0x9a72fc3fb9e99087d2eae500355e7902c763f9b3,2635.9571350869,polygon,4,uniswap_v3,3,0xc2132d05d31c914a87c6611c10748aeb04b58e8f,0x0d500b1d8e8ef31e21c99d1db9a6444d3adf1270
0xa34ec05da1e4287fa351c74469189345990a3f0c,1533393.204916,polygon,4,sushiswap,5,0x2791bca1f2de4661ed88a30c99a7a9449aa84174,0x2f6f07cdcf3588944bf4c42ac74ff24bf56e7590
0x05a281f100cb2c38b38a1e7016e16e5210ce8d1b,5786.8658316112,polygon,4,quickswap,4,0xd6df932a45c0f255f85145f286ea0b292b21c90b,0x3a58a54c066fdc0f2d55fc9c89f0415c92ebf3c4
0x445fe580ef8d70ff569ab36e80c647af338db351,11267010.076316373,polygon,4,curve,2,0x1a13f4ca1d028320a707d99520abfefca3998b7f,0x27f8d03b3a2196956ed754badc28d73be8830a6e
0x4ab66a7138f50db9b7adaf8ce8afb3f638b22f7f,3721.573609,polygon,4,sushiswap,5,0x2791bca1f2de4661ed88a30c99a7a9449aa84174,0x2e1ad108ff1d8c782fcbbb89aad783ac49586756
0x876d546e561ab84762aca27f94196baa3d36101b,3433.9968366218,polygon,4,uniswap_v3,3,0x0d500b1d8e8ef31e21c99d1db9a6444d3adf1270,0x2ab4f9ac80f33071211729e45cfc346c1f8446d5
0x993defde3e6ef50610eb6d994823dc82565ad3ba,39888.0061306698,polygon,4,uniswap_v3,3,0x7ceb23fd6bc0add59e62ac25578270cff1b9f619,0x03b54a6e9a984069379fae1a4fc4dbae93b3bccd
0xc9ad12b6c54683d990868b4314fa17fc8f3b5e16,9814.9237236009,polygon,4,uniswap_v3,3,0x7ceb23fd6bc0add59e62ac25578270cff1b9f619,0x1a3acf6d19267e2d3e7f898f42803e90c9219062
0x7fee8f1222a60336238d2898a856dfe2331412bc,5769.3276335744,polygon,4,dfyn,1,0xc168e40227e4ebd8c1cae80f7a55a4f0e6d66c97,0x0d6ae2a429df13e44a07cd2969e085e4833f64a0
0xeae495187472b8db83cf9dc738ba3869fde5b1d3,3776.1984758646,polygon,4,honeyswap,8,0x7ceb23fd6bc0add59e62ac25578270cff1b9f619,0x0d500b1d8e8ef31e21c99d1db9a6444d3adf1270
0x92215849c439e1f8612b6646060b4e3e5ef822cc,11746611.260321511,polygon,4,curve,2,0x28424507fefb6f7f8e9d3860f56504e4e5f5f390,0xe7a24ef0c5e95ffb0f6684b813a78f2a3ad7d171
0xb2d0d5c86d933b0acefe9b95bec160d514d152e1,165038.4641492963,polygon,4,sushiswap,5,0x4e78011ce80ee02d2c3e649fb657e45898257815,0xd838290e877e0188a4a44700463419ed96c16107
0x847b64f9d3a95e977d157866447a5c0a5dfa0ee5,2134193.4154269276,polygon,4,uniswap_v3,3,0x2791bca1f2de4661ed88a30c99a7a9449aa84174,0x1bfd67037b42cf73acf2047067bd4f2c47d9bfd6
0x3dc15d2ab3d2eb9f2af55dfbcf62caf2876c6261,29671.4582405457,polygon,4,uniswap_v3,3,0x7ceb23fd6bc0add59e62ac25578270cff1b9f619,0x1adcef5c780d8895ac77e6ee9239b4b3ecb76da2
0x64b6cd3a85b5902a267e953c6ac1dba376f0a999,16730.5331616568,polygon,4,uniswap_v3,3,0x0d500b1d8e8ef31e21c99d1db9a6444d3adf1270,0x9a71012b13ca4d3d0cdc72a177df3ef03b0e76a3
0xf7024ff3cd59e1942b6de1770b296162fe97e6a1,2013.7746098548,polygon,4,uniswap_v3,3,0x0d500b1d8e8ef31e21c99d1db9a6444d3adf1270,0xa3fa99a148fa48d14ed51d610c367c61876997f1
0x67e708986a809acefde16f2417fa5701241e3935,7899.2036541981,polygon,4,uniswap_v3,3,0x2791bca1f2de4661ed88a30c99a7a9449aa84174,0x0d500b1d8e8ef31e21c99d1db9a6444d3adf1270
0x034293f21f1cce5908bc605ce5850df2b1059ac0,82845.1452599705,polygon,4,apeswap,7,0x0d500b1d8e8ef31e21c99d1db9a6444d3adf1270,0x5d47baba0d66083c52009271faf3f50dcc01023c
0x1f97c0260c6a18b26a9c2681f0faa93ac2182dbc,2403516.0558579336,polygon,4,quickswap,4,0x7ceb23fd6bc0add59e62ac25578270cff1b9f619,0xb0b195aefa3650a6908f15cdac7d92f8a5791b0b
0xd48cb7ad6a0e2137ea81803c63d2863206ce4700,3130.765146,polygon,4,uniswap_v3,3,0x2791bca1f2de4661ed88a30c99a7a9449aa84174,0xe261d618a959afffd53168cd07d12e37b26761db
0x64d1393b53e3c4a8b04fb1dde2c7b40bc0897222,13735.3687885541,polygon,4,apeswap,7,0x0d500b1d8e8ef31e21c99d1db9a6444d3adf1270,0x3a3df212b7aa91aa0402b9035b098891d276572b
0xe6c36eed27c2e8ecb9a233bf12da06c9730b5955,22404.2494066425,polygon,4,uniswap_v3,3,0x0d500b1d8e8ef31e21c99d1db9a6444d3adf1270,0x311434160d7537be358930def317afb606c0d737
0x50eaedb835021e4a108b7290636d62e9765cc6d7,7116201.090519781,polygon,4,uniswap_v3,3,0x7ceb23fd6bc0add59e62ac25578270cff1b9f619,0x1bfd67037b42cf73acf2047067bd4f2c47d9bfd6
0xa649040d1a13376ac0c4bcccb587963fb7961095,145114.5789750555,polygon,4,quickswap,4,0x7ceb23fd6bc0add59e62ac25578270cff1b9f619,0x2760e46d9bb43dafcbecaad1f64b93207f9f0ed7
0x17f4e4b273a71bee4c469a1425f23056f83f7bff,430337.2980294006,polygon,4,quickswap,4,0x7ceb23fd6bc0add59e62ac25578270cff1b9f619,0x67eb41a14c0fe5cd701fc9d5a3d6597a72f641a6
0xc3286373599dd5af2a17a572ebb7561f05f88bec,71357.61021,polygon,4,uniswap_v3,3,0x2791bca1f2de4661ed88a30c99a7a9449aa84174,0x0308a3a9c433256ad7ef24dbef9c49c8cb01300a
0x167384319b41f7094e62f7506409eb38079abff8,3471597.357153172,polygon,4,uniswap_v3,3,0x7ceb23fd6bc0add59e62ac25578270cff1b9f619,0x0d500b1d8e8ef31e21c99d1db9a6444d3adf1270
0x4fe1269a585b141f11c3e144158f9f8823c7c0e7,11821.2148677419,polygon,4,uniswap_v3,3,0x7ceb23fd6bc0add59e62ac25578270cff1b9f619,0x9a71012b13ca4d3d0cdc72a177df3ef03b0e76a3
0x9b0ff586031f4d64d72cb624f20e62991de5e27d,3405.543459,polygon,4,uniswap_v3,3,0x2791bca1f2de4661ed88a30c99a7a9449aa84174,0x8505b9d2254a7ae468c0e9dd10ccea3a837aef5c
0x29920010de717c9c49d8d109e535bd989125f4c7,121588.8519319284,polygon,4,kyberswap,6,0xc2132d05d31c914a87c6611c10748aeb04b58e8f,0x3a58a54c066fdc0f2d55fc9c89f0415c92ebf3c4
0x1e387e1f2e6b96f95cb5f7459fd9b34ad2018dfa,2588.458672,polygon,4,uniswap_v3,3,0xc2132d05d31c914a87c6611c10748aeb04b58e8f,0x8c9bac920cd9cf8c61f7fa4f34f43c572d040f61
0x7b23afe559433aace4d61ed65e225a74094defcb,7424.2203988002,polygon,4,sushiswap,5,0x0d500b1d8e8ef31e21c99d1db9a6444d3adf1270,0x68ee0d0aad9e1984af85ca224117e4d20eaf68be
0x98b9162161164de1ed182a0dfa08f5fbf0f733ca,433116.5657913767,polygon,4,uniswap_v3,3,0x0d500b1d8e8ef31e21c99d1db9a6444d3adf1270,0x53e0bca35ec356bd5dddfebbd1fc0fd03fabad39
0xbd934a7778771a7e2d9bf80596002a214d8c9304,58622.9493244316,polygon,4,uniswap_v3,3,0x2791bca1f2de4661ed88a30c99a7a9449aa84174,0x7ceb23fd6bc0add59e62ac25578270cff1b9f619
0x4efd21b3e10110bd4d88a8b3ad34eeb4d4b1fcfd,945591.7505518568,polygon,4,dfyn,1,0x2791bca1f2de4661ed88a30c99a7a9449aa84174,0x980111ae1b84e50222c8843e3a7a038f36fecd2b
0x7db5c1cc87eaca6fbe7004befea9b7c2daf989d4,11237.7138079363,polygon,4,quickswap,4,0x2791bca1f2de4661ed88a30c99a7a9449aa84174,0x3a58a54c066fdc0f2d55fc9c89f0415c92ebf3c4
0xc7326e755741a92ee720da35cee814e31bb6d71e,6745.938973317,polygon,4,dfyn,1,0xc168e40227e4ebd8c1cae80f7a55a4f0e6d66c97,0xf6f85b3f9fd581c2ee717c404f7684486f057f95
0x396e655c309676caf0acf4607a868e0cded876db,85696.46492151,polygon,4,sushiswap,5,0x7ceb23fd6bc0add59e62ac25578270cff1b9f619,0x172370d5cd63279efa6d502dab29171933a610af
0x4d05f2a005e6f36633778416764e82d1d12e7fbb,487465.3226096889,polygon,4,uniswap_v3,3,0x0d500b1d8e8ef31e21c99d1db9a6444d3adf1270,0x172370d5cd63279efa6d502dab29171933a610af
0x8ceed6619aeffd5476315b90eb081485da2aebca,2530.653613,polygon,4,sushiswap,5,0x2791bca1f2de4661ed88a30c99a7a9449aa84174,0xa3fa99a148fa48d14ed51d610c367c61876997f1
0xe98ad3887bfd723dccf2992c9b2e36247f92a7df,33516.0336058223,polygon,4,uniswap_v3,3,0x1bfd67037b42cf73acf2047067bd4f2c47d9bfd6,0xb87904db461005fc716a6bf9f2d451c33b10b80b
0x1d7f2e4295981af5cc005d936ac437588b353596,17570.6678085973,polygon,4,quickswap,4,0x831753dd7087cac61ab5644b308642cc1c33dc13,0xb5c064f955d8e7f38fe0460c556a72987494ee17
0xeef1a9507b3d505f0062f2be9453981255b503c8,310345.6438913217,polygon,4,uniswap_v3,3,0x2791bca1f2de4661ed88a30c99a7a9449aa84174,0x1bfd67037b42cf73acf2047067bd4f2c47d9bfd6
0x6d3842ab227a0436a6e8c459e93c74bd8c16fb34,4469.3596303851,polygon,4,honeyswap,8,0x7ceb23fd6bc0add59e62ac25578270cff1b9f619,0x1bfd67037b42cf73acf2047067bd4f2c47d9bfd6
0x9b927761f90e7bd887208e615d8e30ce1e35dac8,15392.9260716699,polygon,4,uniswap_v3,3,0x7ceb23fd6bc0add59e62ac25578270cff1b9f619,0xab0b2ddb9c7e440fac8e140a89c0dbcbf2d7bbff
0x8929d3fea77398f64448c85015633c2d6472fb29,4361.3589124435,polygon,4,sushiswap,5,0x8f3cf7ad23cd3cadbd9735aff958023239c6a063,0x0d500b1d8e8ef31e21c99d1db9a6444d3adf1270
0xdbbde93a10d630d4d987c5c9d73a607315a23440,6610.648522333,polygon,4,sushiswap,5,0x7ceb23fd6bc0add59e62ac25578270cff1b9f619,0xa1c57f48f0deb89f569dfbe6e2b7f46d33606fd4
0x7e2cc09d3d36b3af6edff55b214fd62885234e95,1868559.0212354355,polygon,4,dfyn,1,0xd86b5923f3ad7b585ed81b448170ae026c65ae9a,0x4a81f8796e0c6ad4877a51c86693b0de8093f2ef
0xde990994309bc08e57aca82b1a19170ad84323e8,484621.67598,polygon,4,sushiswap,5,0x2791bca1f2de4661ed88a30c99a7a9449aa84174,0x67eb41a14c0fe5cd701fc9d5a3d6597a72f641a6
0x3bc8a4a481fdeaa3f0a0a624f412bc6efd186389,2035.6665512659,polygon,4,uniswap_v3,3,0x53e0bca35ec356bd5dddfebbd1fc0fd03fabad39,0x3a58a54c066fdc0f2d55fc9c89f0415c92ebf3c4
0x2e7d6490526c7d7e2fdea5c6ec4b0d1b9f8b25b7,139010.0822899106,polygon,4,sushiswap,5,0x0d500b1d8e8ef31e21c99d1db9a6444d3adf1270,0xcd7361ac3307d1c5a46b63086a90742ff44c63b3
0xadd053a09f95e565b25d8b9b84d0fcfaa962465e,72217.0727734159,polygon,4,sushiswap,5,0x7ceb23fd6bc0add59e62ac25578270cff1b9f619,0x3ad707da309f3845cd602059901e39c4dcd66473
0x5d1e23160ed81f33dfae40ed72dd4377c198ddaf,3581.5037877831,polygon,4,quickswap,4,0xa3fa99a148fa48d14ed51d610c367c61876997f1,0xe5417af564e4bfda1c483642db72007871397896
0x3c92bd9596e6aca8cfa29ec733ebe0c189bec1f3,11665.422366186,polygon,4,uniswap_v3,3,0xc2132d05d31c914a87c6611c10748aeb04b58e8f,0x53e0bca35ec356bd5dddfebbd1fc0fd03fabad39
0x0312692e9cadd3ddaace2e112a4e36397bd2f18a,29396.8233593439,polygon,4,uniswap_v3,3,0x7ceb23fd6bc0add59e62ac25578270cff1b9f619,0x0b3f868e0be5597d5db7feb59e1cadbb0fdda50a
0xd8bd45afc16c2b483826c26ca47e2439880c6beb,4357.8037557054,polygon,4,uniswap_v3,3,0x7ceb23fd6bc0add59e62ac25578270cff1b9f619,0x5fe2b58c013d7601147dcdd68c143a77499f5531
0xae81fac689a1b4b1e06e7ef4a2ab4cd8ac0a087d,2748041.514188057,polygon,4,quickswap,4,0x2791bca1f2de4661ed88a30c99a7a9449aa84174,0x0d500b1d8e8ef31e21c99d1db9a6444d3adf1270
0x327be6353f28dd021d1e4eff10c92767e49604d1,38498.3765203834,polygon,4,dfyn,1,0xc168e40227e4ebd8c1cae80f7a55a4f0e6d66c97,0x033d942a6b495c4071083f4cde1f17e986fe856c
0x7de263d0ad6e5d208844e65118c3a02a9a5d56b6,73836.1093999791,polygon,4,uniswap_v3,3,0x2791bca1f2de4661ed88a30c99a7a9449aa84174,0xa3fa99a148fa48d14ed51d610c367c61876997f1
0xba0216254163b57af68b7161cf824dbadcad61df,173341.6611129146,polygon,4,uniswap_v3,3,0x8f3cf7ad23cd3cadbd9735aff958023239c6a063,0xe5417af564e4bfda1c483642db72007871397896
0x0db644468cd5c664a354e31aa1f6dba1d1dead47,12760.7474034193,polygon,4,quickswap,4,0x7ceb23fd6bc0add59e62ac25578270cff1b9f619,0xc5102fe9359fd9a28f877a67e36b0f050d81a3cc
0x85022a7a6d11e7f7d2dec6a9e52f90e82b116d0e,130861.2501785147,polygon,4,quickswap,4,0x0d500b1d8e8ef31e21c99d1db9a6444d3adf1270,0x0169ec1f8f639b32eec6d923e24c2a2ff45b9dd6
0xb8e54c9ea1616beebe11505a419dd8df1000e02a,2113.8710763195,polygon,4,apeswap,7,0x0d500b1d8e8ef31e21c99d1db9a6444d3adf1270,0x76bf0c28e604cc3fe9967c83b3c3f31c213cfe64
0x11ff14f2a27e4fac4c6f174cf679c3e1cdc99ba7,3277.838428,polygon,4,uniswap_v3,3,0x2791bca1f2de4661ed88a30c99a7a9449aa84174,0x4e3decbb3645551b8a19f0ea1678079fcb33fb4c
0x65d43b64e3b31965cd5ea367d4c2b94c03084797,141145.3918839722,polygon,4,apeswap,7,0xc2132d05d31c914a87c6611c10748aeb04b58e8f,0x0d500b1d8e8ef31e21c99d1db9a6444d3adf1270
0x863325397751c51f85818a7958a7dd45209bf501,74173.2693668625,polygon,4,dfyn,1,0xc168e40227e4ebd8c1cae80f7a55a4f0e6d66c97,0x840195888db4d6a99ed9f73fcd3b225bb3cb1a79
0x30add3b95b353501a0a9698bada1bbd834220656,2420.7226925366,polygon,4,sushiswap,5,0x2791bca1f2de4661ed88a30c99a7a9449aa84174,0x67eb41a14c0fe5cd701fc9d5a3d6597a72f641a6
0xadf577b69eeac9df325536cf1af106372f2da263,101886.2136080378,polygon,4,curve,2,0xe7a24ef0c5e95ffb0f6684b813a78f2a3ad7d171,0x2e1ad108ff1d8c782fcbbb89aad783ac49586756
0xfb0bc232cd11dbe804b489860c470b7f9cc80d9f,343808.5107144968,polygon,4,quickswap,4,0x2791bca1f2de4661ed88a30c99a7a9449aa84174,0xec38621e72d86775a89c7422746de1f52bba5320
0x0bef3882798219eeaf40a8b63563a3d3ab6092ab,325537.0829287705,polygon,4,quickswap,4,0x8f3cf7ad23cd3cadbd9735aff958023239c6a063,0xa3fa99a148fa48d14ed51d610c367c61876997f1
0x6c6d5501138258dde5bc4fe51bc9bf422c021f9a,47066.5424349207,polygon,4,quickswap,4,0x7ceb23fd6bc0add59e62ac25578270cff1b9f619,0x3a58a54c066fdc0f2d55fc9c89f0415c92ebf3c4
0xdb995f975f1bfc3b2157495c47e4efb31196b2ca,900414.671716,polygon,4,sushiswap,5,0x2791bca1f2de4661ed88a30c99a7a9449aa84174,0xd838290e877e0188a4a44700463419ed96c16107
0x659321f40b13c79ad57690869286d7a48c01602f,25243.695112,polygon,4,uniswap_v3,3,0xc2132d05d31c914a87c6611c10748aeb04b58e8f,0x189586b5f6317538ae50c20a976597da38984a24
0xf3dddf06bf12ea8931e84e39678e713eab95f154,63427.7993625819,polygon,4,kyberswap,6,0x0d500b1d8e8ef31e21c99d1db9a6444d3adf1270,0xb0b195aefa3650a6908f15cdac7d92f8a5791b0b
0x65c30f39b880bdd9616280450c4b41cc74b438b7,765417.5450678479,polygon,4,quickswap,4,0x2791bca1f2de4661ed88a30c99a7a9449aa84174,0x67eb41a14c0fe5cd701fc9d5a3d6597a72f641a6
0x046bbdd927fc635dd6de7cf4efdad3e767274074,15966.827451,polygon,4,uniswap_v3,3,0xc2132d05d31c914a87c6611c10748aeb04b58e8f,0x18e73a5333984549484348a94f4d219f4fab7b81
0x4ccd010148379ea531d6c587cfdd60180196f9b1,379215.9514173173,polygon,4,uniswap_v3,3,0xc2132d05d31c914a87c6611c10748aeb04b58e8f,0x7ceb23fd6bc0add59e62ac25578270cff1b9f619
0x1317fe389b7992571bc84ff4d9d248225e96d199,2499.9406339752,polygon,4,kyberswap,6,0x0d500b1d8e8ef31e21c99d1db9a6444d3adf1270,0x311434160d7537be358930def317afb606c0d737
0x34832d9ac4127a232c1919d840f7aae0fcb7315b,256255546.80825743,polygon,4,dfyn,1,0x2791bca1f2de4661ed88a30c99a7a9449aa84174,0x4a81f8796e0c6ad4877a51c86693b0de8093f2ef
0xa375d23a751124359568f3a22576528bd1c8c3e3,12724.1457499997,polygon,4,sushiswap,5,0x7ceb23fd6bc0add59e62ac25578270cff1b9f619,0x8c92e38eca8210f4fcbf17f0951b198dd7668292
0xfe343675878100b344802a6763fd373fdeed07a4,896564.8497209586,polygon,4,uniswap_v3,3,0x7ceb23fd6bc0add59e62ac25578270cff1b9f619,0x1bfd67037b42cf73acf2047067bd4f2c47d9bfd6
0xac4494e30a85369e332bdb5230d6d694d4259dbc,5221960.273061153,polygon,4,quickswap,4,0x7ceb23fd6bc0add59e62ac25578270cff1b9f619,0x1bfd67037b42cf73acf2047067bd4f2c47d9bfd6
0xa9077cdb3d13f45b8b9d87c43e11bce0e73d8631,287982.424091111,polygon,4,uniswap_v3,3,0x0d500b1d8e8ef31e21c99d1db9a6444d3adf1270,0xd6df932a45c0f255f85145f286ea0b292b21c90b
0x80deece4befd9f27d2df88064cf75f080d3ce1b2,124933.9146603239,polygon,4,quickswap,4,0x0d500b1d8e8ef31e21c99d1db9a6444d3adf1270,0x385eeac5cb85a38a9a07a70c73e0a3271cfb54a7
0xa769c6786c3717945438d4c4feb8494a1a6ca443,33527.2806879822,polygon,4,sushiswap,5,0x7ceb23fd6bc0add59e62ac25578270cff1b9f619,0x596ebe76e2db4470966ea395b0d063ac6197a8c5
0x4ebc4d2763e951197f07b6b8b3c2bdfbff7d6b5f,756688.913152237,polygon,4,kyberswap,6,0x7ceb23fd6bc0add59e62ac25578270cff1b9f619,0x1bfd67037b42cf73acf2047067bd4f2c47d9bfd6
0x6ff62bfb8c12109e8000935a6de54dad83a4f39f,369495.3180356495,polygon,4,sushiswap,5,0x7ceb23fd6bc0add59e62ac25578270cff1b9f619,0x8f3cf7ad23cd3cadbd9735aff958023239c6a063
0x4b9bce8888bee8b252a7d599aa534c2fab9a07a5,174238.3227917016,polygon,4,quickswap,4,0x0d500b1d8e8ef31e21c99d1db9a6444d3adf1270,0xbfc70507384047aa74c29cdc8c5cb88d0f7213ac
0xda908c0bf14ad0b61ea5ebe671ac59b2ce091cbf,39966.577302187,polygon,4,uniswap_v3,3,0x7ceb23fd6bc0add59e62ac25578270cff1b9f619,0xc3c7d422809852031b44ab29eec9f1eff2a58756
0xc3fe05f7e9d0a9e95253a6932cdb9d21914a0729,186846.5770616791,polygon,4,dfyn,1,0x7ceb23fd6bc0add59e62ac25578270cff1b9f619,0xc91c06db0f7bffba61e2a5645cc15686f0a8c828
0x56ff3a6fa5476c5fd28af7616d8bb35e50a47a81,4208.6431191407,polygon,4,uniswap_v3,3,0x1bfd67037b42cf73acf2047067bd4f2c47d9bfd6,0x0d500b1d8e8ef31e21c99d1db9a6444d3adf1270
0xefa98fdf168f372e5e9e9b910fcdfd65856f3986,364398.2466936017,polygon,4,uniswap_v3,3,0x0d500b1d8e8ef31e21c99d1db9a6444d3adf1270,0xe5417af564e4bfda1c483642db72007871397896
0x374552804f7ca26c307c8d31f4cc0d9215c87f46,121441.4223427615,polygon,4,sushiswap,5,0x7ceb23fd6bc0add59e62ac25578270cff1b9f619,0x5ec03c1f7fa7ff05ec476d19e34a22eddb48acdc
0xf063a6418b517a31c49c3b5972de15b1c2714bad,66619.3682998065,polygon,4,dfyn,1,0x2791bca1f2de4661ed88a30c99a7a9449aa84174,0xd86b5923f3ad7b585ed81b448170ae026c65ae9a
0x4f28eef4dde2bfa0bdb95a7efe586c3654e6cf07,25809.7574806793,polygon,4,uniswap_v3,3,0x7ceb23fd6bc0add59e62ac25578270cff1b9f619,0x1bfd67037b42cf73acf2047067bd4f2c47d9bfd6
0xbc09a47545d34ed033dc3f3146fc00a544befeb9,88937.5785342855,polygon,4,sushiswap,5,0x2791bca1f2de4661ed88a30c99a7a9449aa84174,0x2ab4f9ac80f33071211729e45cfc346c1f8446d5
0x5f1b5ff45104e957752aa3a64da0fc03b5f94829,6570.9047814076,polygon,4,dfyn,1,0xc168e40227e4ebd8c1cae80f7a55a4f0e6d66c97,0x6ab6d61428fde76768d7b45d8bfeec19c6ef91a8
0x99799d0e96d4e436f4b8d2e125f0b1ce8e1770a7,26360.764512,polygon,4,uniswap_v3,3,0x2791bca1f2de4661ed88a30c99a7a9449aa84174,0x49a0400587a7f65072c87c4910449fdcc5c47242
0x47afe6797053236587219aec33c2bec1295e8183,7264.5430046369,polygon,4,uniswap_v3,3,0x0d500b1d8e8ef31e21c99d1db9a6444d3adf1270,0xe5417af564e4bfda1c483642db72007871397896
0xc270e8bfddd1baecb63f1f168cf16a5af43f25f0,404674.3516871295,polygon,4,kyberswap,6,0xc2132d05d31c914a87c6611c10748aeb04b58e8f,0x7ceb23fd6bc0add59e62ac25578270cff1b9f619
0x9f1a8caf3c8e94e43aa64922d67dff4dc3e88a42,541052.0358213997,polygon,4,quickswap,4,0x0d500b1d8e8ef31e21c99d1db9a6444d3adf1270,0xb5c064f955d8e7f38fe0460c556a72987494ee17
0x61f1d8c911bff2d9e698f3ba8f7cbd5c1373dd7b,19790.8329855528,polygon,4,sushiswap,5,0x7ceb23fd6bc0add59e62ac25578270cff1b9f619,0x182f1d39df9460d7aef29afbc80bbd68ed0a41d5
0x30fe5e402139925634430eb88e9c209e4a2d6dec,20883.626992,polygon,4,uniswap_v3,3,0x2791bca1f2de4661ed88a30c99a7a9449aa84174,0x430ef9263e76dae63c84292c3409d61c598e9682
0x1e5bd2ab4c308396c06c182e1b7e7ba8b2935b83,214706.7789595872,polygon,4,uniswap_v3,3,0x0d500b1d8e8ef31e21c99d1db9a6444d3adf1270,0x61299774020da444af134c82fa83e3810b309991
0x039de30e4901793293a155dc3bcddc1b66fb5707,30277.450802,polygon,4,uniswap_v3,3,0xc2132d05d31c914a87c6611c10748aeb04b58e8f,0x728d06c26be85ebc8efa334453863b1df00ec493
0x56fcb902bee19a645f9607cd1e1c0737b6358feb,19077.819169,polygon,4,uniswap_v3,3,0x2791bca1f2de4661ed88a30c99a7a9449aa84174,0x235737dbb56e8517391473f7c964db31fa6ef280
0x0c61d1e9bbec03ca9d1ca2db0c94fa08ac91ad5a,18845.3857573634,polygon,4,uniswap_v3,3,0x1bfd67037b42cf73acf2047067bd4f2c47d9bfd6,0x53e0bca35ec356bd5dddfebbd1fc0fd03fabad39
0xd32f3139a214034a0f9777c87ee0a064c1ff6ae2,147102.5086811694,polygon,4,apeswap,7,0x8f3cf7ad23cd3cadbd9735aff958023239c6a063,0x0d500b1d8e8ef31e21c99d1db9a6444d3adf1270
0x789bc2f9833f6fac0c764d8def2ba493010fe728,29649.8420380036,polygon,4,dfyn,1,0x8a953cfe442c5e8855cc6c61b1293fa648bae472,0x3a3df212b7aa91aa0402b9035b098891d276572b
0x84aa7c85d25c3e1ddc80217af094152d1ced0fd4,2278.91951,polygon,4,uniswap_v3,3,0x2791bca1f2de4661ed88a30c99a7a9449aa84174,0x9a71012b13ca4d3d0cdc72a177df3ef03b0e76a3
0x2678de408c04a609781e502c13987460bdf0ed79,6680.873089,polygon,4,uniswap_v3,3,0xc2132d05d31c914a87c6611c10748aeb04b58e8f,0x0bd49815ea8e2682220bcb41524c0dd10ba71d41
0x1b0585fc8195fc04a46a365e670024dfb63a960c,285416.5298830844,polygon,4,sushiswap,5,0x2791bca1f2de4661ed88a30c99a7a9449aa84174,0x7ceb23fd6bc0add59e62ac25578270cff1b9f619
0x447646e84498552e62ecf097cc305eabfff09308,278108.9731767263,polygon,4,curve,2,0xa3fa99a148fa48d14ed51d610c367c61876997f1,0xe7a24ef0c5e95ffb0f6684b813a78f2a3ad7d171
0xbe69026ac368e0852408705a92e5701a47e7698f,89531.467134,polygon,4,sushiswap,5,0xc2132d05d31c914a87c6611c10748aeb04b58e8f,0xe26cda27c13f4f87cffc2f437c5900b27ebb5bbb
0x47e06f30ce2496e2aeb9d9694ed8efca4405a939,14451.355425,polygon,4,uniswap_v3,3,0xc2132d05d31c914a87c6611c10748aeb04b58e8f,0x55bb4d4b4545a886df159354e5fa5791c2d13496
0x74d3c85df4dbd03c7c12f7649faa6457610e7604,17691.548395,polygon,4,uniswap_v3,3,0x2791bca1f2de4661ed88a30c99a7a9449aa84174,0xb33eaad8d922b1083446dc23f610c2567fb5180f
0x8cfaab34f5159abf9c35587ac40d09a05dc94765,148557.892881,polygon,4,sushiswap,5,0xc2132d05d31c914a87c6611c10748aeb04b58e8f,0x2791bca1f2de4661ed88a30c99a7a9449aa84174
0x43b978c1755a397fb20d1690e9ee57a851fd9ea8,2445.0800501362,polygon,4,dfyn,1,0xa1c57f48f0deb89f569dfbe6e2b7f46d33606fd4,0xc168e40227e4ebd8c1cae80f7a55a4f0e6d66c97
0xfbae8e2d04a67c10047d83ee9b8aeffe7f6ea3f4,3581.965521,polygon,4,sushiswap,5,0x2791bca1f2de4661ed88a30c99a7a9449aa84174,0x6ae7dfc73e0dde2aa99ac063dcf7e8a63265108c
0xb7bd6d48c9b1af7e126d0389c6970f157d974f33,4135.3977735495,polygon,4,dfyn,1,0x2791bca1f2de4661ed88a30c99a7a9449aa84174,0x8f3cf7ad23cd3cadbd9735aff958023239c6a063
0xe82635a105c520fd58e597181cbf754961d51e3e,162982.4460818057,polygon,4,apeswap,7,0x1bfd67037b42cf73acf2047067bd4f2c47d9bfd6,0x0d500b1d8e8ef31e21c99d1db9a6444d3adf1270
0x180237bd326d5245d0898336f54b3c8012c5c62f,5877.502539,polygon,4,sushiswap,5,0x2791bca1f2de4661ed88a30c99a7a9449aa84174,0xfbdd194376de19a88118e84e279b977f165d01b8
0x55ff76bffc3cdd9d5fdbbc2ece4528ecce45047e,25657.5439064395,polygon,4,sushiswap,5,0xc2132d05d31c914a87c6611c10748aeb04b58e8f,0x0d500b1d8e8ef31e21c99d1db9a6444d3adf1270
0x8832ec6120d4b9b21746e4e2e01ec03a083cd0a3,202033.2570617231,polygon,4,dfyn,1,0xc168e40227e4ebd8c1cae80f7a55a4f0e6d66c97,0xc91c06db0f7bffba61e2a5645cc15686f0a8c828
0x2aceda63b5e958c45bd27d916ba701bc1dc08f7a,399055.7886460128,polygon,4,uniswap_v3,3,0x7ceb23fd6bc0add59e62ac25578270cff1b9f619,0xd6df932a45c0f255f85145f286ea0b292b21c90b
0x22177148e681a6ca5242c9888ace170ee7ec47bd,40600.5376987689,polygon,4,uniswap_v3,3,0x2791bca1f2de4661ed88a30c99a7a9449aa84174,0x53e0bca35ec356bd5dddfebbd1fc0fd03fabad39
0x5b45481edb565bf69617e1055ed70003a568ad9c,3241.8889359069,polygon,4,uniswap_v3,3,0x3a58a54c066fdc0f2d55fc9c89f0415c92ebf3c4,0xa3fa99a148fa48d14ed51d610c367c61876997f1
0x55bc7d9e44b730c4a42b52c818c805476156d9c9,47416.4449355572,polygon,4,sushiswap,5,0x7ceb23fd6bc0add59e62ac25578270cff1b9f619,0xdb725f82818de83e99f1dac22a9b5b51d3d04dd4
0xce5a1d5caff6bbc27ab94e7cd5cd0eaad5f63d43,4384.8700074478,polygon,4,uniswap_v3,3,0x7ceb23fd6bc0add59e62ac25578270cff1b9f619,0xd6a5ab46ead26f49b03bbb1f9eb1ad5c1767974a
0x80c5c7d7e94158fd2daac56734889a7cdf8dadfe,9502.822253,polygon,4,uniswap_v3,3,0xc2132d05d31c914a87c6611c10748aeb04b58e8f,0x692ac1e363ae34b6b489148152b12e2785a3d8d6
0x82927d970616f2fd0673039919139b3449c0aa76,8078.572682,polygon,4,quickswap,4,0x2791bca1f2de4661ed88a30c99a7a9449aa84174,0xdd2af2e723547088d3846841fbdcc6a8093313d6
0xdc3fa7393290ed6c95b6c18308e1127f0a97ae1c,2531.3255601761,polygon,4,quickswap,4,0x0d500b1d8e8ef31e21c99d1db9a6444d3adf1270,0xee9a352f6aac4af1a5b9f467f6a93e0ffbe9dd35
0xbc836311a2b2b614a1e207327e6ef69ed21ffc2f,3719654.85365885,polygon,4,dfyn,1,0x1bfd67037b42cf73acf2047067bd4f2c47d9bfd6,0xaaa5b9e6c589642f98a1cda99b9d024b8407285a
0xc879bc72136cb6519b5e0e456bc9d727e106c582,3461.2095305759,polygon,4,sushiswap,5,0xc2132d05d31c914a87c6611c10748aeb04b58e8f,0xe06bd4f5aac8d0aa337d13ec88db6defc6eaeefe
0xdf04aca87bf069e3b345e98b3a2ed9dcd40357c6,39769768.81525206,polygon,4,dfyn,1,0x2791bca1f2de4661ed88a30c99a7a9449aa84174,0xaaa5b9e6c589642f98a1cda99b9d024b8407285a
0xce4ecae580f963cdd371011733fa5d0f9cca1f50,16014.3332929085,polygon,4,uniswap_v3,3,0x7ceb23fd6bc0add59e62ac25578270cff1b9f619,0x2fe8733dcb25bfbba79292294347415417510067
0x982e75c6a14cc5c01481d9b4fadcf27864727c35,3560.2665572055,polygon,4,uniswap_v3,3,0x0d500b1d8e8ef31e21c99d1db9a6444d3adf1270,0x4987a49c253c38b3259092e9aac10ec0c7ef7542
0xa852ddd69c13d42669840a692f6bbf94245ac54a,295229.3657687726,polygon,4,kyberswap,6,0x2791bca1f2de4661ed88a30c99a7a9449aa84174,0x0d500b1d8e8ef31e21c99d1db9a6444d3adf1270
0xe8c9bb82443c55d1c0bdd12f7e9cbec5974ecf43,28582.8626481688,polygon,4,dfyn,1,0xb33eaad8d922b1083446dc23f610c2567fb5180f,0xc168e40227e4ebd8c1cae80f7a55a4f0e6d66c97
0x0f110c55efe62c16d553a3d3464b77e1853d0e97,27609.1652333284,polygon,4,curve,2,0x4e3decbb3645551b8a19f0ea1678079fcb33fb4c,0xe2aa7db6da1dae97c5f5c6914d285fbfcc32a128
0xdcb0c125df19598501427c28e7991564504c947b,37116.6870305986,polygon,4,sushiswap,5,0x0d500b1d8e8ef31e21c99d1db9a6444d3adf1270,0x7f67639ffc8c93dd558d452b8920b28815638c44
0xd866fac7db79994d08c0ca2221fee08935595b4b,272911.1105012571,polygon,4,uniswap_v3,3,0x0d500b1d8e8ef31e21c99d1db9a6444d3adf1270,0xc3c7d422809852031b44ab29eec9f1eff2a58756
0xed978fe1236300500dadf25e15d30494ffef3c80,2417.9875754266,polygon,4,uniswap_v3,3,0x0d500b1d8e8ef31e21c99d1db9a6444d3adf1270,0xdfce1e99a31c4597a3f8a8945cbfa9037655e335
0x21988c9cfd08db3b5793c2c6782271dc94749251,172142.3018762172,polygon,4,sushiswap,5,0x2791bca1f2de4661ed88a30c99a7a9449aa84174,0x0d500b1d8e8ef31e21c99d1db9a6444d3adf1270
0x26770cc2c612e5c97eb70a6531fa9d5098ef74ab,4638.6698909894,polygon,4,uniswap_v3,3,0x2791bca1f2de4661ed88a30c99a7a9449aa84174,0x3a58a54c066fdc0f2d55fc9c89f0415c92ebf3c4
0x33016df701b323c33cc027146c6a9e0997b2a923,149695.9754744115,polygon,4,uniswap_v3,3,0xc2132d05d31c914a87c6611c10748aeb04b58e8f,0x1bfd67037b42cf73acf2047067bd4f2c47d9bfd6
0xd74d23d2f23cd06a7d94f740a74c6e906f0c9005,4229.2839865,polygon,4,sushiswap,5,0x0d500b1d8e8ef31e21c99d1db9a6444d3adf1270,0x2ab4f9ac80f33071211729e45cfc346c1f8446d5
0x9f32237ae1a240dff3be9458606b246ee2b199c4,24454.6406735513,polygon,4,uniswap_v3,3,0x0d500b1d8e8ef31e21c99d1db9a6444d3adf1270,0x0d0b8488222f7f83b23e365320a4021b12ead608
0x751b1e21756bdbc307cbcc5085c042a0e9aaef36,101827.2762055206,polygon,4,curve,2,0x28424507fefb6f7f8e9d3860f56504e4e5f5f390,0x5c2ed810328349100a66b82b78a1791b101c9d61
0xa4d6aacea676303b71dff2ddd83ca20d35ca1799,94590.5845144707,polygon,4,dfyn,1,0x8a953cfe442c5e8855cc6c61b1293fa648bae472,0x831753dd7087cac61ab5644b308642cc1c33dc13
0x370404a2a57edfbeaf16dc8ef8e2d1b0a2a9da15,93562.3837325528,polygon,4,quickswap,4,0x7ceb23fd6bc0add59e62ac25578270cff1b9f619,0x03b54a6e9a984069379fae1a4fc4dbae93b3bccd
0x33bc9a6a200752ddd44f41dd978977e0699cc00d,4040.6189729179,polygon,4,quickswap,4,0x0d500b1d8e8ef31e21c99d1db9a6444d3adf1270,0x53e0bca35ec356bd5dddfebbd1fc0fd03fabad39
0xab52931301078e2405c3a3ebb86e11ad0dfd2cfd,90610.3442634873,polygon,4,quickswap,4,0x7ceb23fd6bc0add59e62ac25578270cff1b9f619,0x53e0bca35ec356bd5dddfebbd1fc0fd03fabad39
0xff5713fdbad797b81539b5f9766859d4e050a6cc,178348.9072675574,polygon,4,sushiswap,5,0x7ceb23fd6bc0add59e62ac25578270cff1b9f619,0x0b3f868e0be5597d5db7feb59e1cadbb0fdda50a
0x7f567ce133b0b69458fc318af06eee27642865be,19012.8179232547,polygon,4,uniswap_v3,3,0x2791bca1f2de4661ed88a30c99a7a9449aa84174,0xa3fa99a148fa48d14ed51d610c367c61876997f1
0x92215849c439e1f8612b6646060b4e3e5ef822cc,11746611.260321511,polygon,4,curve,2,0x28424507fefb6f7f8e9d3860f56504e4e5f5f390,0x5c2ed810328349100a66b82b78a1791b101c9d61
0xa236278bec0e0677a48527340cfb567b4e6e9adc,152471.5096394877,polygon,4,uniswap_v3,3,0x2791bca1f2de4661ed88a30c99a7a9449aa84174,0xd6df932a45c0f255f85145f286ea0b292b21c90b
0x941eb28e750c441aef465a89e43ddfec2561830b,71363.5991202498,polygon,4,sushiswap,5,0x7ceb23fd6bc0add59e62ac25578270cff1b9f619,0x4e1581f01046efdd7a1a2cdb0f82cdd7f71f2e59
0x5645dcb64c059aa11212707fbf4e7f984440a8cf,774991.6854949079,polygon,4,uniswap_v3,3,0x2791bca1f2de4661ed88a30c99a7a9449aa84174,0x8f3cf7ad23cd3cadbd9735aff958023239c6a063
0x02ec7aeef96ac32e30d73ef44ee4de4f36d83daa,1653273.5678938373,polygon,4,dfyn,1,0x2791bca1f2de4661ed88a30c99a7a9449aa84174,0xc91c06db0f7bffba61e2a5645cc15686f0a8c828
0x9c777839adc4ac86f2a360a525017ccabbcb0c1e,219486.582976136,polygon,4,kyberswap,6,0x2791bca1f2de4661ed88a30c99a7a9449aa84174,0x3a58a54c066fdc0f2d55fc9c89f0415c92ebf3c4
0x1807cac8576468d96a09a2c04fbdf6fdf0ed2a1d,24842.6756918727,polygon,4,apeswap,7,0x0d500b1d8e8ef31e21c99d1db9a6444d3adf1270,0x50b728d8d964fd00c2d0aad81718b71311fef68a
0xf7abb7dee889da4300a82c26f8c0c725c64bd493,2566.50633,polygon,4,uniswap_v3,3,0x2791bca1f2de4661ed88a30c99a7a9449aa84174,0xadbe0eac80f955363f4ff47b0f70189093908c04
0x54b7707579df82b3ca2079b415c4c2ff77463154,3647.9996423606,polygon,4,uniswap_v3,3,0x0d500b1d8e8ef31e21c99d1db9a6444d3adf1270,0x1379e8886a944d2d9d440b3d88df536aea08d9f3
0x38d57395a4b275575d7bbe9680aa934aa2597a77,1379948.5401949822,polygon,4,dfyn,1,0xaaa5b9e6c589642f98a1cda99b9d024b8407285a,0x4a81f8796e0c6ad4877a51c86693b0de8093f2ef
0x2813d43463c374a680f235c428fb1d7f08de0b69,246797.6024094941,polygon,4,sushiswap,5,0x7ceb23fd6bc0add59e62ac25578270cff1b9f619,0xd6df932a45c0f255f85145f286ea0b292b21c90b
0x5cd1c9488f1ccc197cf75eb340db38d46ae523db,31991.0879780617,polygon,4,uniswap_v3,3,0x0d500b1d8e8ef31e21c99d1db9a6444d3adf1270,0x50b728d8d964fd00c2d0aad81718b71311fef68a
0xfe3cc216ce226d1e3ad59a249b9d6b6ca6cbf1c8,78603.3495780514,polygon,4,quickswap,4,0xc2132d05d31c914a87c6611c10748aeb04b58e8f,0x4b27cd6e6a5e83d236ead376d256fe2f9e9f0d2e
0x1ceda73c034218255f50ef8a2c282e6b4c301d60,82113.442408081,polygon,4,sushiswap,5,0x7ceb23fd6bc0add59e62ac25578270cff1b9f619,0x5fe2b58c013d7601147dcdd68c143a77499f5531
0xde92e7fbe021344ba02d9225792d219d3a2ddd58,43574.7365093634,polygon,4,uniswap_v3,3,0x0d500b1d8e8ef31e21c99d1db9a6444d3adf1270,0xbbba073c31bf03b8acf7c28ef0738decf3695683
0xe62ec2e799305e0d367b0cc3ee2cda135bf89816,389574.7035682227,polygon,4,sushiswap,5,0x7ceb23fd6bc0add59e62ac25578270cff1b9f619,0x1bfd67037b42cf73acf2047067bd4f2c47d9bfd6
0xd08244e604ca67e2f3fa9b8d3b580e751c42fbc3,41167.0118652018,polygon,4,sushiswap,5,0x0d500b1d8e8ef31e21c99d1db9a6444d3adf1270,0x61f95bd637e3034133335c1baa0148e518d438ad
0x445fe580ef8d70ff569ab36e80c647af338db351,11267010.076316373,polygon,4,curve,2,0x60d55f02a771d515e077c9c2403a1ef324885cec,0x27f8d03b3a2196956ed754badc28d73be8830a6e
0x39bed7f1c412ab64443196a6fecb2ac20c707224,18291.588638,polygon,4,dfyn,1,0xc2132d05d31c914a87c6611c10748aeb04b58e8f,0x692597b009d13c4049a947cab2239b7d6517875f
0xed37fda14b9e18898f85a14ff7089680750eb044,4180.2530108189,polygon,4,uniswap_v3,3,0x2791bca1f2de4661ed88a30c99a7a9449aa84174,0x172370d5cd63279efa6d502dab29171933a610af
0x713a16553941c98999d3fbadec25947377810490,6025241.982372881,polygon,4,dfyn,1,0x8f3cf7ad23cd3cadbd9735aff958023239c6a063,0xaaa5b9e6c589642f98a1cda99b9d024b8407285a
0xc1dc5605b242a658adfc7d6e693a50aefb49bbae,57108.614738,polygon,4,uniswap_v3,3,0x2791bca1f2de4661ed88a30c99a7a9449aa84174,0xacd4e2d936be9b16c01848a3742a34b3d5a5bdfa
0xbf3036c5c55bdb36ae505f96f4c40c92e782e9f6,7562.0390534824,polygon,4,quickswap,4,0x2791bca1f2de4661ed88a30c99a7a9449aa84174,0xd0258a3fd00f38aa8090dfee343f10a9d4d30d3f
0xd0367259cbdced31c0005fec935771de99489a6e,2570.1146866744,polygon,4,uniswap_v3,3,0x7ceb23fd6bc0add59e62ac25578270cff1b9f619,0xf50d05a1402d0adafa880d36050736f9f6ee7dee
0x84964d9f9480a1db644c2b2d1022765179a40f68,3046.8620357749,polygon,4,apeswap,7,0x2791bca1f2de4661ed88a30c99a7a9449aa84174,0x7ceb23fd6bc0add59e62ac25578270cff1b9f619
0xc23348c0c626e2fe9946307683ff46ab35abcdb4,6408.9676771715,polygon,4,quickswap,4,0x2791bca1f2de4661ed88a30c99a7a9449aa84174,0xb35fcbcf1fd489fce02ee146599e893fdcdc60e6
0x9b1751da19984e691034a5affd85449cbcf6ad29,369181.467769788,polygon,4,quickswap,4,0x1bfd67037b42cf73acf2047067bd4f2c47d9bfd6,0x67eb41a14c0fe5cd701fc9d5a3d6597a72f641a6
0xd8e7d368ab9bdf0010a9934b0e801b3f38cecef6,97023.4677996648,polygon,4,sushiswap,5,0x7ceb23fd6bc0add59e62ac25578270cff1b9f619,0x071ac29d569a47ebffb9e57517f855cb577dcc4c
0x3f5228d0e7d75467366be7de2c31d0d098ba2c23,426169.08533,polygon,4,uniswap_v3,3,0xc2132d05d31c914a87c6611c10748aeb04b58e8f,0x2791bca1f2de4661ed88a30c99a7a9449aa84174
0xe49fea624d480a5233b5dfc4969a27319873e6f0,2785.5439913116,polygon,4,honeyswap,8,0x2791bca1f2de4661ed88a30c99a7a9449aa84174,0x8f3cf7ad23cd3cadbd9735aff958023239c6a063
0xac09ae500817fad378afeeeff43432726db5b365,22693.8326766913,polygon,4,dfyn,1,0xc168e40227e4ebd8c1cae80f7a55a4f0e6d66c97,0x3a3df212b7aa91aa0402b9035b098891d276572b
0x62defa07a6c1c90f660be65405143a4935c021e6,56231.5568626835,polygon,4,uniswap_v3,3,0x7ceb23fd6bc0add59e62ac25578270cff1b9f619,0x8c92e38eca8210f4fcbf17f0951b198dd7668292
0xbeaf7156ba07c3df8fac42e90188c5a752470db7,6919.474831,polygon,4,uniswap_v3,3,0x2791bca1f2de4661ed88a30c99a7a9449aa84174,0x45c32fa6df82ead1e2ef74d17b76547eddfaff89
0x632825fbb336940bb503a8cfba608f55ebbfb5af,4029.7333785458,polygon,4,uniswap_v3,3,0x0d500b1d8e8ef31e21c99d1db9a6444d3adf1270,0x5e6602b762f76d8bfdc7321aa0b787b1e67b187f
0x7fa8e099f553ac1173cdd7b084a74cf121831f29,80336.6525949318,polygon,4,kyberswap,6,0x2791bca1f2de4661ed88a30c99a7a9449aa84174,0x6e4e624106cb12e168e6533f8ec7c82263358940
0xbeb89416fe362d975fe98099bc463d475ef4cec4,33889.8201908117,polygon,4,uniswap_v3,3,0x0d500b1d8e8ef31e21c99d1db9a6444d3adf1270,0x1631244689ec1fecbdd22fb5916e920dfc9b8d30
0x81a3f6a138f0b12ecbdce4583972a6ca57514dbd,60554.150564,polygon,4,apeswap,7,0x2791bca1f2de4661ed88a30c99a7a9449aa84174,0x839f1a22a59eaaf26c85958712ab32f80fea23d9
0x247112bd688d01585d4a67e2e6961f1a1830aa3f,2034.0646287749,polygon,4,dfyn,1,0x7ceb23fd6bc0add59e62ac25578270cff1b9f619,0xf6f85b3f9fd581c2ee717c404f7684486f057f95
0xabee7668a96c49d27886d1a8914a54a5f9805041,202181.920294,polygon,4,sushiswap,5,0x2791bca1f2de4661ed88a30c99a7a9449aa84174,0x34d4ab47bee066f361fa52d792e69ac7bd05ee23
0xdc8a5c5975726235402cfac9b28268eeccd42813,378725.2390074852,polygon,4,uniswap_v3,3,0x8f3cf7ad23cd3cadbd9735aff958023239c6a063,0x49e6a20f1bbdfeec2a8222e052000bbb14ee6007
0x9803c7ae526049210a1725f7487af26fe2c24614,1550584.8886255494,polygon,4,sushiswap,5,0x4e78011ce80ee02d2c3e649fb657e45898257815,0x2f800db0fdb5223b3c3f354886d907a671414a7f
0x34965ba0ac2451a34a0471f04cca3f990b8dea27,767993.365628,polygon,4,sushiswap,5,0x2791bca1f2de4661ed88a30c99a7a9449aa84174,0x7ceb23fd6bc0add59e62ac25578270cff1b9f619
0xe7129c006353ceda8f229240282c48a54402af45,705615.7736478661,polygon,4,kyberswap,6,0x2791bca1f2de4661ed88a30c99a7a9449aa84174,0x750e4c4984a9e0f12978ea6742bc1c5d248f40ed
0x00a6177c6455a29b8daa7144b2befc9f2147bb7e,27736.4741298179,polygon,4,quickswap,4,0x0d500b1d8e8ef31e21c99d1db9a6444d3adf1270,0x172370d5cd63279efa6d502dab29171933a610af
0x3654e293a599953044ac5f6e1e1a45ee749d0d0f,24832.6249769257,polygon,4,quickswap,4,0x0d500b1d8e8ef31e21c99d1db9a6444d3adf1270,0x03b54a6e9a984069379fae1a4fc4dbae93b3bccd
0x9ec257c1862f1bdf0603a6c20ed6f3d6bae6deb0,7690.591764,polygon,4,apeswap,7,0xc2132d05d31c914a87c6611c10748aeb04b58e8f,0x2791bca1f2de4661ed88a30c99a7a9449aa84174
0xf1a12338d39fc085d8631e1a745b5116bc9b2a32,13363.4694497366,polygon,4,sushiswap,5,0x7ceb23fd6bc0add59e62ac25578270cff1b9f619,0x0d500b1d8e8ef31e21c99d1db9a6444d3adf1270
0xaf835698673655e9910de8398df6c5238f5d3aeb,100126.0677045834,polygon,4,quickswap,4,0x2791bca1f2de4661ed88a30c99a7a9449aa84174,0x0c9c7712c83b3c70e7c5e11100d33d9401bdf9dd
0xa35e3bca4377b3fd99b5ede28fcc3d154e128745,24843.666212175,polygon,4,uniswap_v3,3,0x0d500b1d8e8ef31e21c99d1db9a6444d3adf1270,0x2f6f07cdcf3588944bf4c42ac74ff24bf56e7590
0x6f21996181915d688c787a1ec7c987e2a31b6829,77063.191244,polygon,4,sushiswap,5,0x2791bca1f2de4661ed88a30c99a7a9449aa84174,0x8a0e8b4b0903929f47c3ea30973940d4a9702067
0xc5666d43f06c073e869bce02407569f578b2072d,3978.882320709,polygon,4,sushiswap,5,0x7ceb23fd6bc0add59e62ac25578270cff1b9f619,0x4c16f69302ccb511c5fac682c7626b9ef0dc126a
0x47bb2d406a9b936106558be20e8aca5a3c5d006b,30510.62814,polygon,4,sushiswap,5,0x2791bca1f2de4661ed88a30c99a7a9449aa84174,0xd0513db39d87e8825389feb10bd911dc53b3a153
0x9ceff2f5138fc59eb925d270b8a7a9c02a1810f2,744502.4343117769,polygon,4,quickswap,4,0xc2132d05d31c914a87c6611c10748aeb04b58e8f,0x7ceb23fd6bc0add59e62ac25578270cff1b9f619
0x254aa3a898071d6a2da0db11da73b02b4646078f,182606.6722667886,polygon,4,uniswap_v3,3,0xc2132d05d31c914a87c6611c10748aeb04b58e8f,0x8f3cf7ad23cd3cadbd9735aff958023239c6a063
0x7feadb5714ebe66d155205a8e545f33406fb8923,29463.2622549549,polygon,4,quickswap,4,0x7ceb23fd6bc0add59e62ac25578270cff1b9f619,0xa3fa99a148fa48d14ed51d610c367c61876997f1
0x3e31ab7f37c048fc6574189135d108df80f0ea26,319350.7331713489,polygon,4,uniswap_v3,3,0x7ceb23fd6bc0add59e62ac25578270cff1b9f619,0x53e0bca35ec356bd5dddfebbd1fc0fd03fabad39
0x62f31f24c0e7987f4a92f3c20d872a577a5b0d2c,7800.675237,polygon,4,dfyn,1,0x2791bca1f2de4661ed88a30c99a7a9449aa84174,0x04b33078ea1aef29bf3fb29c6ab7b200c58ea126
0x384d2094d0df788192043a1cbd200308dd60b068,191458.7506854295,polygon,4,quickswap,4,0x0d500b1d8e8ef31e21c99d1db9a6444d3adf1270,0xe5417af564e4bfda1c483642db72007871397896
0x34f9d1dd4680d1258c77a179cd06e0f9b25ab469,14208.9266826358,polygon,4,kyberswap,6,0x0d500b1d8e8ef31e21c99d1db9a6444d3adf1270,0xeeeeeb57642040be42185f49c52f7e9b38f8eeee
0x751b1e21756bdbc307cbcc5085c042a0e9aaef36,101827.2762055206,polygon,4,curve,2,0x28424507fefb6f7f8e9d3860f56504e4e5f5f390,0xe7a24ef0c5e95ffb0f6684b813a78f2a3ad7d171
0x5bf44bb003efe05f711a14a189c0902d6626e919,76049.6230321526,polygon,4,quickswap,4,0x7ceb23fd6bc0add59e62ac25578270cff1b9f619,0x8f3cf7ad23cd3cadbd9735aff958023239c6a063
0x6baead5db7fee6d5c9f0ca07bb5038c4cd279f5c,6758.6421695944,polygon,4,quickswap,4,0x8f3cf7ad23cd3cadbd9735aff958023239c6a063,0x0d500b1d8e8ef31e21c99d1db9a6444d3adf1270
0x3ef7f8fa80e622f358283145172143116c61524d,13884.605446,polygon,4,uniswap_v3,3,0x2791bca1f2de4661ed88a30c99a7a9449aa84174,0xec38621e72d86775a89c7422746de1f52bba5320
0xde83f8fba38bdc8c8bd91f867b4e928e5ff0ef08,8324.4645453626,polygon,4,uniswap_v3,3,0x2791bca1f2de4661ed88a30c99a7a9449aa84174,0x61299774020da444af134c82fa83e3810b309991
0x39baac62266af129f24104bc8b1800350563edb9,5762.5641945082,polygon,4,uniswap_v3,3,0x7ceb23fd6bc0add59e62ac25578270cff1b9f619,0xbcd2c5c78000504efbc1ce6489dfcac71835406a
0x190be4d73196ac630abeebaaf69fe77211d54dba,58461.034555035,polygon,4,uniswap_v3,3,0x0d500b1d8e8ef31e21c99d1db9a6444d3adf1270,0x2f6f07cdcf3588944bf4c42ac74ff24bf56e7590
0xf69e93771f11aecd8e554aa165c3fe7fd811530c,138389.7209992764,polygon,4,sushiswap,5,0x0d500b1d8e8ef31e21c99d1db9a6444d3adf1270,0x385eeac5cb85a38a9a07a70c73e0a3271cfb54a7
0x42f179077bab533e436613756316abaa6dc8af0b,37680.7269170966,polygon,4,kyberswap,6,0x7ceb23fd6bc0add59e62ac25578270cff1b9f619,0xbbba073c31bf03b8acf7c28ef0738decf3695683
0x3d0acd52ee4a9271a0ffe75f9b91049152bac64b,417897.3281310287,polygon,4,uniswap_v3,3,0x2791bca1f2de4661ed88a30c99a7a9449aa84174,0xc3c7d422809852031b44ab29eec9f1eff2a58756
0xa94c7022c494adea0e2ddefc6e7054f9ad22e41a,6160.1309583156,polygon,4,dfyn,1,0xaaa5b9e6c589642f98a1cda99b9d024b8407285a,0xc168e40227e4ebd8c1cae80f7a55a4f0e6d66c97
0xa56796f13566c515471a2fbbab731f88ce5de428,97347.6445896125,polygon,4,quickswap,4,0x8f3cf7ad23cd3cadbd9735aff958023239c6a063,0xe5417af564e4bfda1c483642db72007871397896
0x45dda9cb7c25131df268515131f647d726f50608,9004240.257116983,polygon,4,uniswap_v3,3,0x2791bca1f2de4661ed88a30c99a7a9449aa84174,0x7ceb23fd6bc0add59e62ac25578270cff1b9f619
0xe3703608393727c6b3761471d13e064c77c8d836,2475037.161984877,polygon,4,quickswap,4,0x2791bca1f2de4661ed88a30c99a7a9449aa84174,0x385eeac5cb85a38a9a07a70c73e0a3271cfb54a7
0x3d4219987fbb25c3dcf73fbd9aa85fbe3c7411d9,119764.614261931,polygon,4,sushiswap,5,0x7ceb23fd6bc0add59e62ac25578270cff1b9f619,0x34667ed7c36cbbbf2d5d5c5c8d6eb76a094edb9f
0x4642dafc5281ba5a8d35b2896e0d925b23c6883c,6388.0872851478,polygon,4,sushiswap,5,0x7ceb23fd6bc0add59e62ac25578270cff1b9f619,0xfe712251173a2cd5f5be2b46bb528328ea3565e1
0x29293a0429296efe87d7ba39c662029407e38f46,18968.5018333868,polygon,4,quickswap,4,0x2791bca1f2de4661ed88a30c99a7a9449aa84174,0xe261d618a959afffd53168cd07d12e37b26761db
0x92215849c439e1f8612b6646060b4e3e5ef822cc,11746611.260321511,polygon,4,curve,2,0xe7a24ef0c5e95ffb0f6684b813a78f2a3ad7d171,0x5c2ed810328349100a66b82b78a1791b101c9d61
0x05bfe97bf794a4db69d3059091f064ea0a5e538e,823005.4170692497,polygon,4,quickswap,4,0x0d500b1d8e8ef31e21c99d1db9a6444d3adf1270,0xfa68fb4628dff1028cfec22b4162fccd0d45efb6
0x426a56f6923c2b8a488407fc1b38007317ecafb1,114038.4020657159,polygon,4,sushiswap,5,0x7ceb23fd6bc0add59e62ac25578270cff1b9f619,0xcd7361ac3307d1c5a46b63086a90742ff44c63b3
0x9396897d732f4085be74a9c357cae58732b92c75,16898.4826976757,polygon,4,quickswap,4,0xc2132d05d31c914a87c6611c10748aeb04b58e8f,0x18e73a5333984549484348a94f4d219f4fab7b81
0x4b6998b0cc8825898708564040cbd302257b531b,173535.7020569017,polygon,4,quickswap,4,0x0d500b1d8e8ef31e21c99d1db9a6444d3adf1270,0xb0b195aefa3650a6908f15cdac7d92f8a5791b0b
0xfb9caae5a5c0ab91f68542124c05d1efbb97d151,47664.9110617941,polygon,4,uniswap_v3,3,0x7ceb23fd6bc0add59e62ac25578270cff1b9f619,0x2760e46d9bb43dafcbecaad1f64b93207f9f0ed7
0xbd1769953e56313cd32f2d1f8e58fed7477f8b40,15081.5454509523,polygon,4,dfyn,1,0x0d500b1d8e8ef31e21c99d1db9a6444d3adf1270,0xc168e40227e4ebd8c1cae80f7a55a4f0e6d66c97
0x02a3e4184b145ee64a6df3c561a3c0c6e2f23dfa,124525.1796706636,polygon,4,kyberswap,6,0x2791bca1f2de4661ed88a30c99a7a9449aa84174,0x8f3cf7ad23cd3cadbd9735aff958023239c6a063
0x656a5421912afb93e68ac3e1361db1252d6a019a,147186.2739548776,polygon,4,kyberswap,6,0x2791bca1f2de4661ed88a30c99a7a9449aa84174,0x7ceb23fd6bc0add59e62ac25578270cff1b9f619
0x5b3ee1ebd25044751da1505abf6b0e809c8d05d8,11677.1638662087,polygon,4,kyberswap,6,0x2791bca1f2de4661ed88a30c99a7a9449aa84174,0xeeeeeb57642040be42185f49c52f7e9b38f8eeee
0x97edfd21a5639d450131cd2e42958cbfeeafbb7e,2073.2707429167,polygon,4,uniswap_v3,3,0x0d500b1d8e8ef31e21c99d1db9a6444d3adf1270,0x53e0bca35ec356bd5dddfebbd1fc0fd03fabad39
0x61c93621cc0bc8e038d4c8f49e987981cc9ad58d,66482.648106145,polygon,4,kyberswap,6,0xd6df932a45c0f255f85145f286ea0b292b21c90b,0x1c954e8fe737f99f68fa1ccda3e51ebdb291948c
0x7963a55a5e37e1c8443b62e92e5455e672a1f37e,7415.7561540077,polygon,4,quickswap,4,0x0d500b1d8e8ef31e21c99d1db9a6444d3adf1270,0xd0258a3fd00f38aa8090dfee343f10a9d4d30d3f
0x61fe8202364deb02bfe28f6d749d168a334fde6b,2191.3646764272,polygon,4,uniswap_v3,3,0x0d500b1d8e8ef31e21c99d1db9a6444d3adf1270,0x9dbfc1cbf7a1e711503a29b4b5f9130ebeccac96
0x4183db4a5a1a3612b17459ba4e072aa59f302e89,15405.6435527527,polygon,4,quickswap,4,0x1bfd67037b42cf73acf2047067bd4f2c47d9bfd6,0xa3fa99a148fa48d14ed51d610c367c61876997f1
0x116ff0d1caa91a6b94276b3471f33dbeb52073e7,11254.8482400701,polygon,4,sushiswap,5,0x7ceb23fd6bc0add59e62ac25578270cff1b9f619,0x50b728d8d964fd00c2d0aad81718b71311fef68a
0xa2decb2f871c4210d518858e82f11feaea17329b,7881.685733061,polygon,4,sushiswap,5,0xc2132d05d31c914a87c6611c10748aeb04b58e8f,0x7ceb23fd6bc0add59e62ac25578270cff1b9f619
0xdd86c721b2d286925171c79907ed1cb4542144d1,2417.832301,polygon,4,uniswap_v3,3,0x2791bca1f2de4661ed88a30c99a7a9449aa84174,0xd93f7e271cb87c23aaa73edc008a79646d1f9912
0x97ffb2574257280e0fb2fa522345f0e81faae711,11095.1408949082,polygon,4,uniswap_v3,3,0x0d500b1d8e8ef31e21c99d1db9a6444d3adf1270,0x2ab0e9e4ee70fff1fb9d67031e44f6410170d00e
0x9ad5cdc89001a2eb0cc7713c788f843de881d803,35557.7302170248,polygon,4,sushiswap,5,0x7ceb23fd6bc0add59e62ac25578270cff1b9f619,0xe7804d91dfcde7f776c90043e03eaa6df87e6395
0xe30e4dfdbb10949c27501922f845e20cfa579f09,64106.0926696787,polygon,4,uniswap_v3,3,0x7ceb23fd6bc0add59e62ac25578270cff1b9f619,0xf50d05a1402d0adafa880d36050736f9f6ee7dee
0x91670a2a69554c61d814cd7f406d7793387e68ef,187994.7099035056,polygon,4,sushiswap,5,0x0d500b1d8e8ef31e21c99d1db9a6444d3adf1270,0x34d4ab47bee066f361fa52d792e69ac7bd05ee23
0xf850c261adc576e6713d14af590a40d55936a982,2554.334292,polygon,4,sushiswap,5,0x2791bca1f2de4661ed88a30c99a7a9449aa84174,0x1a3acf6d19267e2d3e7f898f42803e90c9219062
0x5ab20535c09e9a765d160e364b818492f2fbdedc,12812278.09570599,polygon,4,dfyn,1,0xaaa5b9e6c589642f98a1cda99b9d024b8407285a,0x16eccfdbb4ee1a85a33f3a9b21175cd7ae753db4
0x4b1f1e2435a9c96f7330faea190ef6a7c8d70001,500377.925251,polygon,4,sushiswap,5,0xc2132d05d31c914a87c6611c10748aeb04b58e8f,0x2791bca1f2de4661ed88a30c99a7a9449aa84174
0x5b41eedcfc8e0ae47493d4945aa1ae4fe05430ff,802419.4641837198,polygon,4,quickswap,4,0xc2132d05d31c914a87c6611c10748aeb04b58e8f,0x0d500b1d8e8ef31e21c99d1db9a6444d3adf1270
0x40f0a05c8c7a86ad1491a3911c293e093fe92436,638729.497094,polygon,4,dfyn,1,0x2791bca1f2de4661ed88a30c99a7a9449aa84174,0x16eccfdbb4ee1a85a33f3a9b21175cd7ae753db4
0x39a8ca1a1e5d0fa28e1ed81a563306d79a6557ce,2678.8960168774,polygon,4,dfyn,1,0x2791bca1f2de4661ed88a30c99a7a9449aa84174,0xaa9654becca45b5bdfa5ac646c939c62b527d394
0x879664ce5a919727b3ed4035cf12f7f740e8df00,422690.564221,polygon,4,kyberswap,6,0xc2132d05d31c914a87c6611c10748aeb04b58e8f,0x2791bca1f2de4661ed88a30c99a7a9449aa84174
0xb7a63d8ebf10ba6290c6ec4b44ac5176a62091da,2066.9062818347,polygon,4,kyberswap,6,0x2791bca1f2de4661ed88a30c99a7a9449aa84174,0x1bfd67037b42cf73acf2047067bd4f2c47d9bfd6
0xfd65c28787e1f92f024ce2873f574d6dbcf3f172,492092.1532078133,polygon,4,uniswap_v3,3,0x7ceb23fd6bc0add59e62ac25578270cff1b9f619,0xd0258a3fd00f38aa8090dfee343f10a9d4d30d3f
0x94d47616f45f98e1ac688326ffdab7bf3a6be440,642698.5678406686,polygon,4,quickswap,4,0x2791bca1f2de4661ed88a30c99a7a9449aa84174,0xa3fa99a148fa48d14ed51d610c367c61876997f1
0x7433afe84df37d0954ff87d7f5788f124f8597f8,21193.2060050973,polygon,4,apeswap,7,0x0d500b1d8e8ef31e21c99d1db9a6444d3adf1270,0x172370d5cd63279efa6d502dab29171933a610af
0x7212d38aa05d4d76c9af19721fda00c21b7f8b28,9184.7406998822,polygon,4,quickswap,4,0x0d500b1d8e8ef31e21c99d1db9a6444d3adf1270,0xa3fa99a148fa48d14ed51d610c367c61876997f1
0x7b925e617aefd7fb3a93abe3a701135d7a1ba710,2272945.9999230644,polygon,4,quickswap,4,0xc2132d05d31c914a87c6611c10748aeb04b58e8f,0x2791bca1f2de4661ed88a30c99a7a9449aa84174
0xff69201019e25e3f8f3180fabdb58d60afed9a1d,22894.7717630637,polygon,4,uniswap_v3,3,0x7ceb23fd6bc0add59e62ac25578270cff1b9f619,0x03b54a6e9a984069379fae1a4fc4dbae93b3bccd
0x1549e0e8127d380080aab448b82d280433ce4030,113979.095754663,polygon,4,sushiswap,5,0x7ceb23fd6bc0add59e62ac25578270cff1b9f619,0xd8ca34fd379d9ca3c6ee3b3905678320f5b45195
0x801b684e7854493e3ada893343d3e288cfcee1ec,10716.675591501,polygon,4,uniswap_v3,3,0x0d500b1d8e8ef31e21c99d1db9a6444d3adf1270,0x18e73a5333984549484348a94f4d219f4fab7b81
0x36becdcbdf49255f366a45b861b4223b482d35e4,49360.6368799476,polygon,4,curve,2,0x7ceb23fd6bc0add59e62ac25578270cff1b9f619,0x361a5a4993493ce00f61c32d4ecca5512b82ce90
0x0dab5aedaf25201cce638b9d617d4b8c23d29b8d,9066.010822,polygon,4,uniswap_v3,3,0x2791bca1f2de4661ed88a30c99a7a9449aa84174,0xb87904db461005fc716a6bf9f2d451c33b10b80b
0xce0bbb1e51ee21cde86257593f29cbd9a60ca97a,3753.416649949,polygon,4,uniswap_v3,3,0x7ceb23fd6bc0add59e62ac25578270cff1b9f619,0xe5417af564e4bfda1c483642db72007871397896
0x42f0530351471dab7ec968476d19bd36af9ec52d,12690.9178198398,polygon,4,uniswap_v3,3,0xc2132d05d31c914a87c6611c10748aeb04b58e8f,0x8f3cf7ad23cd3cadbd9735aff958023239c6a063
0x5ae3427b92a5233d733bb533ba74a8c59733636d,9011.3509419951,polygon,4,quickswap,4,0xc2132d05d31c914a87c6611c10748aeb04b58e8f,0xb25e20de2f2ebb4cffd4d16a55c7b395e8a94762
0x5ab85d3bb0daff2f42fd6fd07d3b2c0df94adac6,3824.0242017034,polygon,4,dfyn,1,0xc168e40227e4ebd8c1cae80f7a55a4f0e6d66c97,0x0c8c8ae8bc3a69dc8482c01ceacfb588bb516b01
0x286af3968aec55ec3acd463bf59edc7cbc04102e,21237.250125,polygon,4,uniswap_v3,3,0x2791bca1f2de4661ed88a30c99a7a9449aa84174,0x431d5dff03120afa4bdf332c61a6e1766ef37bdb
0xb0dc320ea9eea823a150763abb4a7ba8286cd08b,1421415.650032505,polygon,4,dfyn,1,0xc168e40227e4ebd8c1cae80f7a55a4f0e6d66c97,0x16eccfdbb4ee1a85a33f3a9b21175cd7ae753db4
0x95fd0243afb0359d07bf05dbb9e906357f0fb7fe,202436.3386187444,polygon,4,kyberswap,6,0xc2132d05d31c914a87c6611c10748aeb04b58e8f,0x8f3cf7ad23cd3cadbd9735aff958023239c6a063
0x781067ef296e5c4a4203f81c593274824b7c185d,167100.893614009,polygon,4,uniswap_v3,3,0xc2132d05d31c914a87c6611c10748aeb04b58e8f,0x0d500b1d8e8ef31e21c99d1db9a6444d3adf1270
0xdb0f14d1f18d3b70ad3a55f8af31c435bdd1bfba,54994.7333240876,polygon,4,uniswap_v3,3,0x2791bca1f2de4661ed88a30c99a7a9449aa84174,0xa3fa99a148fa48d14ed51d610c367c61876997f1
0x0a63d3910ffc1529190e80e10855c4216407cc45,6533188.387752276,polygon,4,uniswap_v3,3,0x2791bca1f2de4661ed88a30c99a7a9449aa84174,0xb0b195aefa3650a6908f15cdac7d92f8a5791b0b
0xa138341185a9d0429b0021a11fb717b225e13e1f,790525.5804614475,polygon,4,curve,2,0xe7a24ef0c5e95ffb0f6684b813a78f2a3ad7d171,0xb5dfabd7ff7f83bab83995e72a52b97abb7bcf63
0xbe40f7fff5a2235af9a8cb79a17373162efefa9c,42454.139855,polygon,4,dfyn,1,0xc2132d05d31c914a87c6611c10748aeb04b58e8f,0x2791bca1f2de4661ed88a30c99a7a9449aa84174
0x6bad0f9a89ca403bb91d253d385cec1a2b6eca97,21732.5607803981,polygon,4,uniswap_v3,3,0x7ceb23fd6bc0add59e62ac25578270cff1b9f619,0x8f3cf7ad23cd3cadbd9735aff958023239c6a063
0xf88de8aaa065ecbf9a3c67f7a93b4c82595f6d6f,5587.6516747384,polygon,4,sushiswap,5,0x2791bca1f2de4661ed88a30c99a7a9449aa84174,0x1bfd67037b42cf73acf2047067bd4f2c47d9bfd6
0x2c50a94c2efc08da0421022e2be45bccf6356e86,2526.567705,polygon,4,uniswap_v3,3,0xc2132d05d31c914a87c6611c10748aeb04b58e8f,0x9ff62d1fc52a907b6dcba8077c2ddca6e6a9d3e1
0xb5846453b67d0b4b4ce655930cf6e4129f4416d7,7419.3305568815,polygon,4,sushiswap,5,0x7ceb23fd6bc0add59e62ac25578270cff1b9f619,0x0b3f868e0be5597d5db7feb59e1cadbb0fdda50a
0x6b7a1606558f586ffa1fad23a1ab84ccb9155b00,600301.6653205437,polygon,4,quickswap,4,0x2791bca1f2de4661ed88a30c99a7a9449aa84174,0x750e4c4984a9e0f12978ea6742bc1c5d248f40ed
0xa1cfb393607d1a6888d273b762832ed14c8b56b1,20593.5595714799,polygon,4,uniswap_v3,3,0xc2132d05d31c914a87c6611c10748aeb04b58e8f,0x1bfd67037b42cf73acf2047067bd4f2c47d9bfd6
0xdedef8a9ebd5fb001a596348eb825f0b9edaf126,6639.8572811104,polygon,4,sushiswap,5,0x7ceb23fd6bc0add59e62ac25578270cff1b9f619,0xab3d689c22a2bb821f50a4ff0f21a7980dcb8591
0xd0beb9570bc3d2af7fa461dfd3c75cc3a34f95e2,11103.7437493809,polygon,4,uniswap_v3,3,0x8f3cf7ad23cd3cadbd9735aff958023239c6a063,0x1bfd67037b42cf73acf2047067bd4f2c47d9bfd6
0x56845fd95c766ecb0ab450fe2d105a19440a6e35,37287.1179982247,polygon,4,uniswap_v3,3,0x0d500b1d8e8ef31e21c99d1db9a6444d3adf1270,0xa1c57f48f0deb89f569dfbe6e2b7f46d33606fd4
0xede04e0cd393a076c49deb95d3686a52ccc49c71,24302.9498034938,polygon,4,apeswap,7,0xc2132d05d31c914a87c6611c10748aeb04b58e8f,0x8f3cf7ad23cd3cadbd9735aff958023239c6a063
0x9f2b55f290fb1dd0c80d685284dbef91ebeea480,248366.7152180779,polygon,4,uniswap_v3,3,0x7ceb23fd6bc0add59e62ac25578270cff1b9f619,0x0d500b1d8e8ef31e21c99d1db9a6444d3adf1270
0x57602582eb5e82a197bae4e8b6b80e39abfc94eb,3605.8210286249,polygon,4,sushiswap,5,0x8f3cf7ad23cd3cadbd9735aff958023239c6a063,0x2b88ad57897a8b496595925f43048301c37615da
0x4f78a9b3015704c1152327e14963f54e4a63c28a,3318.3093116862,polygon,4,uniswap_v3,3,0x2791bca1f2de4661ed88a30c99a7a9449aa84174,0x1bfd67037b42cf73acf2047067bd4f2c47d9bfd6
0x5d0acfa39a0fca603147f1c14e53f46be76984bc,95887.8097601744,polygon,4,quickswap,4,0x2791bca1f2de4661ed88a30c99a7a9449aa84174,0x1d734a02ef1e1f5886e66b0673b71af5b53ffa94
0xd9fa4f8764de231891759c986812364fd656520b,119747631.448276,polygon,4,dfyn,1,0x7ceb23fd6bc0add59e62ac25578270cff1b9f619,0xe6fc6c7cb6d2c31b359a49a33ef08ab87f4de7ce
0x2110c882c446357ac38e36cae03df1578eb390b2,7688.165707351,polygon,4,sushiswap,5,0x7ceb23fd6bc0add59e62ac25578270cff1b9f619,0x46f48fbdedaa6f5500993bede9539ef85f4bee8e
0x0e44ceb592acfc5d3f09d996302eb4c499ff8c10,721782.012108946,polygon,4,uniswap_v3,3,0x2791bca1f2de4661ed88a30c99a7a9449aa84174,0x7ceb23fd6bc0add59e62ac25578270cff1b9f619
0x00a3849259759f8177d92080f47627f241c55904,46301.4973618549,polygon,4,sushiswap,5,0x0d500b1d8e8ef31e21c99d1db9a6444d3adf1270,0x2ab4f9ac80f33071211729e45cfc346c1f8446d5
0x6bd8b46e4b3e7a5120491050b25144c8d3ddb734,740819872591.9229,polygon,4,dfyn,1,0x2791bca1f2de4661ed88a30c99a7a9449aa84174,0xdf2140dee6b07ae495382bc1cd446f7b328f63e3
0xd3924ad8f881514eff89503be9027b877e9e2bd0,8548.743138,polygon,4,sushiswap,5,0x2791bca1f2de4661ed88a30c99a7a9449aa84174,0x5a3064cbdccf428ae907796cf6ad5a664cd7f3d8
0x2a08c38c7e1fa969325e2b64047abb085dec3756,828491.4127256478,polygon,4,uniswap_v3,3,0x0d500b1d8e8ef31e21c99d1db9a6444d3adf1270,0xd0258a3fd00f38aa8090dfee343f10a9d4d30d3f
0xcbf6f78981e63ef813cb71852d72a060b583eecf,9895.2241862863,polygon,4,sushiswap,5,0x0d500b1d8e8ef31e21c99d1db9a6444d3adf1270,0x3a3df212b7aa91aa0402b9035b098891d276572b
0x0cfb295296c7869e5df0e8a4187b554167287cc2,3911.0950707227,polygon,4,kyberswap,6,0x0d500b1d8e8ef31e21c99d1db9a6444d3adf1270,0x3a58a54c066fdc0f2d55fc9c89f0415c92ebf3c4
0xf7acafc576a3d7ba00137638e7879fd2f3cdaa48,2264.295025704,polygon,4,dfyn,1,0xc168e40227e4ebd8c1cae80f7a55a4f0e6d66c97,0xd1e6354fb05bf72a8909266203dab80947dceccf
0x9aea1545fa5093b7b0ee2526eb18a521f75004b9,6564.2871433023,polygon,4,quickswap,4,0x3a58a54c066fdc0f2d55fc9c89f0415c92ebf3c4,0x03b54a6e9a984069379fae1a4fc4dbae93b3bccd
0x6717f16b6281348761ce5840275306971d326e86,11708.812027,polygon,4,uniswap_v3,3,0x2791bca1f2de4661ed88a30c99a7a9449aa84174,0x67eb41a14c0fe5cd701fc9d5a3d6597a72f641a6
0xd67d3f77ad7acab1a75863b094176015df30cd8c,25941.292789,polygon,4,uniswap_v3,3,0xc2132d05d31c914a87c6611c10748aeb04b58e8f,0x9a06db14d639796b25a6cec6a1bf614fd98815ec
0xc2cdd8511f240fc000f06f58e01ef80d48b449eb,1464341343249.505,polygon,4,dfyn,1,0xc168e40227e4ebd8c1cae80f7a55a4f0e6d66c97,0xdf2140dee6b07ae495382bc1cd446f7b328f63e3
0x5d9ac8993b714df01d079d1b5b0b592e579ca099,432794.675745887,polygon,4,sushiswap,5,0x1bfd67037b42cf73acf2047067bd4f2c47d9bfd6,0x12a34a6759c871c4c1e8a0a42cfc97e4d7aaf68d
0x9b08288c3be4f62bbf8d1c20ac9c5e6f9467d8b7,1096836.630135847,polygon,4,uniswap_v3,3,0xc2132d05d31c914a87c6611c10748aeb04b58e8f,0x0d500b1d8e8ef31e21c99d1db9a6444d3adf1270
0xa374094527e1673a86de625aa59517c5de346d32,4611429.433974579,polygon,4,uniswap_v3,3,0x2791bca1f2de4661ed88a30c99a7a9449aa84174,0x0d500b1d8e8ef31e21c99d1db9a6444d3adf1270
0x9159a880b930aced1080ed4742818362663c8d46,43188.849367,polygon,4,uniswap_v3,3,0x2791bca1f2de4661ed88a30c99a7a9449aa84174,0xed755dba6ec1eb520076cec051a582a6d81a8253
0xbb98b3d2b18aef63a3178023a920971cf5f29be4,36693.5261016592,polygon,4,uniswap_v3,3,0xc2132d05d31c914a87c6611c10748aeb04b58e8f,0x7ceb23fd6bc0add59e62ac25578270cff1b9f619
0xc2d95eef97ec6c17551d45e77b590dc1f9117c67,351822.078525651,polygon,4,curve,2,0x5c2ed810328349100a66b82b78a1791b101c9d61,0xdbf31df14b66535af65aac99c32e9ea844e14501
0xc2755915a85c6f6c1c0f3a86ac8c058f11caa9c9,127882.9184333361,polygon,4,sushiswap,5,0xc2132d05d31c914a87c6611c10748aeb04b58e8f,0x7ceb23fd6bc0add59e62ac25578270cff1b9f619
0xacd50fedc46fefee64790eab404eb52dec9e3ad9,4960.2272,polygon,4,sushiswap,5,0x2791bca1f2de4661ed88a30c99a7a9449aa84174,0x723b17718289a91af252d616de2c77944962d122
0x7f9121b4f4e040fd066e9dc5c250cf9b4338d5bc,60551.3720119852,polygon,4,uniswap_v3,3,0x0d500b1d8e8ef31e21c99d1db9a6444d3adf1270,0xb33eaad8d922b1083446dc23f610c2567fb5180f
0xf7c5f9b97815fbfcbeef672009ac14c7a51f03af,12679.6783836944,polygon,4,quickswap,4,0x0d500b1d8e8ef31e21c99d1db9a6444d3adf1270,0xb53ec4ace420a62cfb75afdeba600d284777cd65
0xd1e4816deaac1ff9cbeffd25195de9ba2d1bcec8,21992.9255588696,polygon,4,quickswap,4,0x7ceb23fd6bc0add59e62ac25578270cff1b9f619,0xfa68fb4628dff1028cfec22b4162fccd0d45efb6
0xcf0bb95967cd006f5eaa1463c9d710d1e1550a96,8032.596224,polygon,4,uniswap_v3,3,0x2791bca1f2de4661ed88a30c99a7a9449aa84174,0xe238ecb42c424e877652ad82d8a939183a04c35f
0x3ddabae496c3e3cd0ebf6e53d10360c0969b71bd,30901.04192155,polygon,4,dfyn,1,0xc168e40227e4ebd8c1cae80f7a55a4f0e6d66c97,0xf4b0903774532aee5ee567c02aab681a81539e92
0xaff4b36e6fe04d6f94b3f09ee899ee5900a7b93b,5319.806016628,polygon,4,quickswap,4,0x0d500b1d8e8ef31e21c99d1db9a6444d3adf1270,0xdf7837de1f2fa4631d716cf2502f8b230f1dcc32
0x901758609c78cf31da44015b164fde9911005c74,3777.7439837098,polygon,4,kyberswap,6,0x7ceb23fd6bc0add59e62ac25578270cff1b9f619,0xbbba073c31bf03b8acf7c28ef0738decf3695683
0xe8137f0c422249e7acda2e05d401b3e4b608d062,4011.351951,polygon,4,sushiswap,5,0xc2132d05d31c914a87c6611c10748aeb04b58e8f,0x9a4eb698e5de3d3df0a68f681789072de1e50222
0xc4e595acdd7d12fec385e5da5d43160e8a0bac0e,2817049.2832603557,polygon,4,sushiswap,5,0x7ceb23fd6bc0add59e62ac25578270cff1b9f619,0x0d500b1d8e8ef31e21c99d1db9a6444d3adf1270
0x1651ac8f6d2d453054c7046172ea84f265b9032b,83987.5289831586,polygon,4,uniswap_v3,3,0x7ceb23fd6bc0add59e62ac25578270cff1b9f619,0x55555555a687343c6ce28c8e1f6641dc71659fad
0x5baaffa2cb0f71af28a1bd9dcfbb98c95b52fb20,62479.0506162488,polygon,4,quickswap,4,0x0d500b1d8e8ef31e21c99d1db9a6444d3adf1270,0x0e9b89007eee9c958c0eda24ef70723c2c93dd58
0xdac8a8e6dbf8c690ec6815e0ff03491b2770255d,2230084.391066,polygon,4,uniswap_v3,3,0xc2132d05d31c914a87c6611c10748aeb04b58e8f,0x2791bca1f2de4661ed88a30c99a7a9449aa84174
0xcb05bfa2293ce9b246aa034d4791ca094717ac8a,5892.323907,polygon,4,sushiswap,5,0x2791bca1f2de4661ed88a30c99a7a9449aa84174,0x840195888db4d6a99ed9f73fcd3b225bb3cb1a79
0x4646e8a5e1d14e2da01577822d6346c7883c6890,106010.1448685533,polygon,4,sushiswap,5,0x2791bca1f2de4661ed88a30c99a7a9449aa84174,0x8f3cf7ad23cd3cadbd9735aff958023239c6a063
0x3e1687f36163e32dbfa71eca9ba6b5a78e67b725,37150.4527782536,polygon,4,quickswap,4,0x0d500b1d8e8ef31e21c99d1db9a6444d3adf1270,0xe06bd4f5aac8d0aa337d13ec88db6defc6eaeefe
0x24555b1e26407b8b56621da41f175c5e2b80f1b8,2749.001069,polygon,4,uniswap_v3,3,0xc2132d05d31c914a87c6611c10748aeb04b58e8f,0x2791bca1f2de4661ed88a30c99a7a9449aa84174
0x845bd6d127d5cfe5fa515fe5f31ffa30da4ff9ac,7076.0937027719,polygon,4,uniswap_v3,3,0x0d500b1d8e8ef31e21c99d1db9a6444d3adf1270,0x7f67639ffc8c93dd558d452b8920b28815638c44
0xd862db749534d539713b2c392421fe5a8e43e19e,4269.999808,polygon,4,honeyswap,8,0x2791bca1f2de4661ed88a30c99a7a9449aa84174,0x7ceb23fd6bc0add59e62ac25578270cff1b9f619
0xfcb0cbc7b49a886deb86e3acee9cd067ad7d9fc1,3273.3143640495,polygon,4,uniswap_v3,3,0x0d500b1d8e8ef31e21c99d1db9a6444d3adf1270,0x9c1c23e60b72bc88a043bf64afdb16a02540ae8f
0xdd228fdc8a41a02bdea72060f53c1f88a2fd48b6,27066.0037,polygon,4,dfyn,1,0xc2132d05d31c914a87c6611c10748aeb04b58e8f,0x8f3cf7ad23cd3cadbd9735aff958023239c6a063
0x6fa867bbfdd025780a8cfe988475220aff51fb8b,3028975.938810743,polygon,4,dfyn,1,0x7ceb23fd6bc0add59e62ac25578270cff1b9f619,0xc168e40227e4ebd8c1cae80f7a55a4f0e6d66c97
0x31c832486573e25fe3c4f03d9c2c28c4a48e9d6f,30908.1354100808,polygon,4,uniswap_v3,3,0x0d500b1d8e8ef31e21c99d1db9a6444d3adf1270,0x5fe2b58c013d7601147dcdd68c143a77499f5531
0x3b9a1ee5fb9c923200073a8e7d6720fa91dfbf64,13583.7179417103,polygon,4,uniswap_v3,3,0x7ceb23fd6bc0add59e62ac25578270cff1b9f619,0x7c28f627ea3aec8b882b51eb1935f66e5b875714
0x41e64a5bc929fa8e6a9c8d7e3b81a13b21ff3045,7123.1854786084,polygon,4,uniswap_v3,3,0x0d500b1d8e8ef31e21c99d1db9a6444d3adf1270,0xe261d618a959afffd53168cd07d12e37b26761db
0xca4c5a5d1988be88c33208001e4ef7ea3898404f,2491.0840546879,polygon,4,uniswap_v3,3,0x0d500b1d8e8ef31e21c99d1db9a6444d3adf1270,0x590eb2920486486c2d9bb3eb651f73b81df87bcf
0xa691d34abf93c0a77998e53b564becfaf46dae27,1183872.8948706528,polygon,4,curve,2,0x45c32fa6df82ead1e2ef74d17b76547eddfaff89,0xa3fa99a148fa48d14ed51d610c367c61876997f1
0x0a28c2f5e0e8463e047c203f00f649812ae67e4f,120948.0365275701,polygon,4,uniswap_v3,3,0x0d500b1d8e8ef31e21c99d1db9a6444d3adf1270,0x53e0bca35ec356bd5dddfebbd1fc0fd03fabad39
0xfba3b7bb043415035220b1c44fb4756434639392,2665.2218633714,polygon,4,curve,2,0x2791bca1f2de4661ed88a30c99a7a9449aa84174,0x750e4c4984a9e0f12978ea6742bc1c5d248f40ed
0xa90c1c009dc8292bd04ced30f9b53a5ff7a806a0,75244.12159,polygon,4,uniswap_v3,3,0x2791bca1f2de4661ed88a30c99a7a9449aa84174,0x77a6f2e9a9e44fd5d5c3f9be9e52831fc1c3c0a0
0x0359001070cf696d5993e0697335157a6f7db289,149428.0100686278,polygon,4,apeswap,7,0x0d500b1d8e8ef31e21c99d1db9a6444d3adf1270,0xa649325aa7c5093d12d6f98eb4378deae68ce23f
0xabd95b0a93e2fc462d8e38d2966157cb503f1252,26469.4462334213,polygon,4,uniswap_v3,3,0x0d500b1d8e8ef31e21c99d1db9a6444d3adf1270,0x0e9b89007eee9c958c0eda24ef70723c2c93dd58
0x1f6082db7c8f4b199e17090cd5c8831a1dad1997,61143.531588,polygon,4,uniswap_v3,3,0x2791bca1f2de4661ed88a30c99a7a9449aa84174,0xdc3326e71d45186f113a2f448984ca0e8d201995
0x12cfbfff0ea06a04dfa50d8597143313c3dd75d4,11123.4299691437,polygon,4,uniswap_v3,3,0x0d500b1d8e8ef31e21c99d1db9a6444d3adf1270,0xfa68fb4628dff1028cfec22b4162fccd0d45efb6
0xd9c2c978915b907df04972cb3f577126fe55143c,465301.9872316686,polygon,4,quickswap,4,0x0d500b1d8e8ef31e21c99d1db9a6444d3adf1270,0xc2a45fe7d40bcac8369371b08419ddafd3131b4a
0x1e67124681b402064cd0abe8ed1b5c79d2e02f64,90735.3379626982,polygon,4,sushiswap,5,0x2791bca1f2de4661ed88a30c99a7a9449aa84174,0x2f800db0fdb5223b3c3f354886d907a671414a7f
0x635fd65c546e66f73b7a760307ad884916f4c204,2032.640487,polygon,4,uniswap_v3,3,0x2791bca1f2de4661ed88a30c99a7a9449aa84174,0x3809dcdd5dde24b37abe64a5a339784c3323c44f
0x2e3f22e9a1c2470b2e293351f48c99e1fd788f32,570890.9978467831,polygon,4,uniswap_v3,3,0x2791bca1f2de4661ed88a30c99a7a9449aa84174,0xdb725f82818de83e99f1dac22a9b5b51d3d04dd4
0x511f84164664fd06f91fa89ccecdb89b954d4b12,3751.9648736325,polygon,4,uniswap_v3,3,0x7ceb23fd6bc0add59e62ac25578270cff1b9f619,0xf88332547c680f755481bf489d890426248bb275
0x32a222f69d00e717845a3d857d0392d6a25a2acd,9999.1847203739,polygon,4,uniswap_v3,3,0x2791bca1f2de4661ed88a30c99a7a9449aa84174,0xe5417af564e4bfda1c483642db72007871397896
0x58d33b62e4c6f9d320a9e6fe9ffe85914e34f31b,71395.683596,polygon,4,uniswap_v3,3,0x2791bca1f2de4661ed88a30c99a7a9449aa84174,0xe631dabef60c37a37d70d3b4f812871df663226f
0x5f69c2ec01c22843f8273838d570243fd1963014,148310.9199033282,polygon,4,uniswap_v3,3,0x2791bca1f2de4661ed88a30c99a7a9449aa84174,0x8f3cf7ad23cd3cadbd9735aff958023239c6a063
0x662ae8ebecba6ce8aea045da2802b9739b728b87,110232.5921123835,polygon,4,dfyn,1,0x2791bca1f2de4661ed88a30c99a7a9449aa84174,0xd6a5ab46ead26f49b03bbb1f9eb1ad5c1767974a
0xf339b93b1d05631d9031d17b6de83b6ca7368ff5,5609.2481208715,polygon,4,uniswap_v3,3,0xc2132d05d31c914a87c6611c10748aeb04b58e8f,0xc3c7d422809852031b44ab29eec9f1eff2a58756
0x3fa147d6309abeb5c1316f7d8a7d8bd023e0cd80,645932.7095275751,polygon,4,uniswap_v3,3,0x2791bca1f2de4661ed88a30c99a7a9449aa84174,0xe0b52e49357fd4daf2c15e02058dce6bc0057db4
0x4ea3e2cfc39fa51df85ebcfa366d7f0eed448a1c,11427.1453030707,polygon,4,dfyn,1,0x172370d5cd63279efa6d502dab29171933a610af,0xc168e40227e4ebd8c1cae80f7a55a4f0e6d66c97
0xa800982b16f3af9034c855e15adb48276671e32e,4294.5899845922,polygon,4,sushiswap,5,0x7ceb23fd6bc0add59e62ac25578270cff1b9f619,0x2c89bbc92bd86f8075d1decc58c7f4e0107f286b
0x479e1b71a702a595e19b6d5932cd5c863ab57ee0,4888902.606785395,polygon,4,quickswap,4,0x7ceb23fd6bc0add59e62ac25578270cff1b9f619,0x0d500b1d8e8ef31e21c99d1db9a6444d3adf1270
0x022df0b3341b3a0157eea97dd024a93f7496d631,363183.3655808128,polygon,4,quickswap,4,0x2791bca1f2de4661ed88a30c99a7a9449aa84174,0xb5c064f955d8e7f38fe0460c556a72987494ee17
0xba12229072b5c36f3a28b8e34c8af913b2a3675b,351003.748185156,polygon,4,kyberswap,6,0x3a58a54c066fdc0f2d55fc9c89f0415c92ebf3c4,0x03b54a6e9a984069379fae1a4fc4dbae93b3bccd
0xc4f6588cc056d2ba223b72795e098710f8c10baf,126695.315480647,polygon,4,dfyn,1,0x831753dd7087cac61ab5644b308642cc1c33dc13,0xdf2140dee6b07ae495382bc1cd446f7b328f63e3
0x5f37376e9748eabd0a43f7c50f43a858f4e12eab,10569.681656,polygon,4,uniswap_v3,3,0xc2132d05d31c914a87c6611c10748aeb04b58e8f,0xaf3cbaeba9fe7a7d4e7531f1b2553972fd1c4e9c
0xea8a6f1e5d53c89a00718b7ecdcef70592a4b3f2,17138.5869925928,polygon,4,uniswap_v3,3,0x2791bca1f2de4661ed88a30c99a7a9449aa84174,0x172370d5cd63279efa6d502dab29171933a610af
0xb756f871e1950e65a00ecc11a3e08e543e9d2a45,7063186.7101,polygon,4,dfyn,1,0x2791bca1f2de4661ed88a30c99a7a9449aa84174,0xad684e79ce4b6d464f2ff7c3fd51646892e24b96
0x999fc000f3f5176306c0753bad01d6a37644feef,5474.476438,polygon,4,sushiswap,5,0xc2132d05d31c914a87c6611c10748aeb04b58e8f,0x228b5c21ac00155cf62c57bcc704c0da8187950b
0x642f28a89fa9d0fa30e664f71804bfdd7341d21f,139239.7086630565,polygon,4,uniswap_v3,3,0x1bfd67037b42cf73acf2047067bd4f2c47d9bfd6,0x0d500b1d8e8ef31e21c99d1db9a6444d3adf1270
0x16d57b97efc221ee6abfa491f363b316e7da4e08,41129.8423161113,polygon,4,dfyn,1,0xc168e40227e4ebd8c1cae80f7a55a4f0e6d66c97,0x980111ae1b84e50222c8843e3a7a038f36fecd2b
0x5b14b9205d79cb9e8b6a3bca759f51a65e0155e2,124096.798636,polygon,4,sushiswap,5,0x2791bca1f2de4661ed88a30c99a7a9449aa84174,0x1fa2f83ba2df61c3d370071d61b17be01e224f3a
0x94ab9e4553ffb839431e37cc79ba8905f45bfbea,572194.2528418142,polygon,4,uniswap_v3,3,0x2791bca1f2de4661ed88a30c99a7a9449aa84174,0x53e0bca35ec356bd5dddfebbd1fc0fd03fabad39
0x97e22d370cbec657f2edba3bcf2edee5db6011d5,31941.6647638777,polygon,4,kyberswap,6,0x2791bca1f2de4661ed88a30c99a7a9449aa84174,0xa3fa99a148fa48d14ed51d610c367c61876997f1
0x4c5757da88894c52b9b8b78e6bfa6c9defca5c31,3009.9081969351,polygon,4,uniswap_v3,3,0x0d500b1d8e8ef31e21c99d1db9a6444d3adf1270,0x172370d5cd63279efa6d502dab29171933a610af
0x3a731f43ea089e28b4b02af46024ef02f43b0b0c,35033.22334,polygon,4,apeswap,7,0x2791bca1f2de4661ed88a30c99a7a9449aa84174,0x2ab4f9ac80f33071211729e45cfc346c1f8446d5
0x0416e7f87ae8954a5f9302adcd440444d90452d6,105487.1518171931,polygon,4,quickswap,4,0x2791bca1f2de4661ed88a30c99a7a9449aa84174,0x6e4e624106cb12e168e6533f8ec7c82263358940
0x445fe580ef8d70ff569ab36e80c647af338db351,11267010.076316373,polygon,4,curve,2,0x1a13f4ca1d028320a707d99520abfefca3998b7f,0x60d55f02a771d515e077c9c2403a1ef324885cec
0xcdbcc1ac4d4e18fb1f2f2d604144fd33e77cda52,3146.5747714679,polygon,4,apeswap,7,0xc2132d05d31c914a87c6611c10748aeb04b58e8f,0x1bfd67037b42cf73acf2047067bd4f2c47d9bfd6
0x7729afc68125e51824a5d9f3dd2fd960eb11750e,1773844.015986586,polygon,4,dfyn,1,0xc2132d05d31c914a87c6611c10748aeb04b58e8f,0xdf2140dee6b07ae495382bc1cd446f7b328f63e3
0x751b1e21756bdbc307cbcc5085c042a0e9aaef36,101827.2762055206,polygon,4,curve,2,0xe7a24ef0c5e95ffb0f6684b813a78f2a3ad7d171,0x5c2ed810328349100a66b82b78a1791b101c9d61
0xcd578f016888b57f1b1e3f887f392f0159e26747,274315.5107036171,polygon,4,sushiswap,5,0x2791bca1f2de4661ed88a30c99a7a9449aa84174,0x8f3cf7ad23cd3cadbd9735aff958023239c6a063
0x0d8dc93577196aff7d674a4e08b74edc04999bcc,136068.5751167026,polygon,4,quickswap,4,0x2791bca1f2de4661ed88a30c99a7a9449aa84174,0xb0b195aefa3650a6908f15cdac7d92f8a5791b0b
0xba3f743dab7fa2e00310fbf5fe281dc61fa1f5be,23789.5489266943,polygon,4,dfyn,1,0x0d500b1d8e8ef31e21c99d1db9a6444d3adf1270,0xf4b0903774532aee5ee567c02aab681a81539e92
0xfc469d13542e70f1512569ebf60c1e8fa01b6931,30398.7136026516,polygon,4,uniswap_v3,3,0x7ceb23fd6bc0add59e62ac25578270cff1b9f619,0xe5417af564e4bfda1c483642db72007871397896
0x6eb39cc5529d23a6e25b159e66e4546aeebe40f6,64432.5180239167,polygon,4,kyberswap,6,0x0d500b1d8e8ef31e21c99d1db9a6444d3adf1270,0x1c954e8fe737f99f68fa1ccda3e51ebdb291948c
0xeffa9e5e63ba18160ee26bda56b42f3368719615,118461.0266874049,polygon,4,quickswap,4,0xc2132d05d31c914a87c6611c10748aeb04b58e8f,0x8f3cf7ad23cd3cadbd9735aff958023239c6a063
0x44720a6f572649526ac9073cae9200755cc78e0a,22745.2304569496,polygon,4,quickswap,4,0x7ceb23fd6bc0add59e62ac25578270cff1b9f619,0xd6df932a45c0f255f85145f286ea0b292b21c90b
0xad326c253a84e9805559b73a08724e11e49ca651,176951.2865368644,polygon,4,curve,2,0x4e3decbb3645551b8a19f0ea1678079fcb33fb4c,0xe2aa7db6da1dae97c5f5c6914d285fbfcc32a128
0x2f653881b6865a41cbf2d7ffb4af1a959ba057d3,31935.2152422934,polygon,4,dfyn,1,0x53e0bca35ec356bd5dddfebbd1fc0fd03fabad39,0xc168e40227e4ebd8c1cae80f7a55a4f0e6d66c97
0x8808b6e360686766025e9e95a19ceff5f1ea9abc,3596.1675739345,polygon,4,quickswap,4,0x0d500b1d8e8ef31e21c99d1db9a6444d3adf1270,0x8a953cfe442c5e8855cc6c61b1293fa648bae472
0xaa40be3a775451ddccf3aabf36bdea550391341f,10192.497497,polygon,4,uniswap_v3,3,0x2791bca1f2de4661ed88a30c99a7a9449aa84174,0x71eeba415a523f5c952cc2f06361d5443545ad28
0x42d5437885e9c6bbe1d86a24185b7d6e88bdb9f7,22806.4472918717,polygon,4,uniswap_v3,3,0x7ceb23fd6bc0add59e62ac25578270cff1b9f619,0x04f177fcacf6fb4d2f95d41d7d3fee8e565ca1d0
0xcb19ced2f1237b47de8720656259be202758e60e,2309.6218931592,polygon,4,uniswap_v3,3,0x7ceb23fd6bc0add59e62ac25578270cff1b9f619,0xee800b277a96b0f490a1a732e1d6395fad960a26
0xed5b90d873965fccf063fb0d1b86dc1880306ce4,37515.365171,polygon,4,uniswap_v3,3,0xc2132d05d31c914a87c6611c10748aeb04b58e8f,0xff2382bd52efacef02cc895bcbfc4618608aa56f
0x357faf5843c7fd7fb4e34fbeabdac16eabe8a5bc,97053.1078808708,polygon,4,uniswap_v3,3,0x7ceb23fd6bc0add59e62ac25578270cff1b9f619,0xb33eaad8d922b1083446dc23f610c2567fb5180f
0x64c01d2b748e5deba661ce58393e6ee0e151a1ee,304003.9347502982,polygon,4,quickswap,4,0x0d500b1d8e8ef31e21c99d1db9a6444d3adf1270,0x3a58a54c066fdc0f2d55fc9c89f0415c92ebf3c4
0x5884ddb0bb109c02150242edf00d0737d78ed61d,2042.201120356,polygon,4,uniswap_v3,3,0x8f3cf7ad23cd3cadbd9735aff958023239c6a063,0xa3fa99a148fa48d14ed51d610c367c61876997f1
0x597a9bc3b24c2a578ccb3aa2c2c62c39427c6a49,6600.8140359935,polygon,4,sushiswap,5,0x0d500b1d8e8ef31e21c99d1db9a6444d3adf1270,0x0b3f868e0be5597d5db7feb59e1cadbb0fdda50a
0xd10bb4ed281a84492343573885168027cc625bf7,31510.230002,polygon,4,sushiswap,5,0xc2132d05d31c914a87c6611c10748aeb04b58e8f,0xe8377a076adabb3f9838afb77bee96eac101ffb1
0x0c787944946d22922c9f41c477cc539700d35bb2,25095.3265006311,polygon,4,honeyswap,8,0x7ceb23fd6bc0add59e62ac25578270cff1b9f619,0xd6df932a45c0f255f85145f286ea0b292b21c90b
0x37019815e5d8259ba3e71d20bba3dd6a7fe1c170,24496.7297853781,polygon,4,uniswap_v3,3,0x7ceb23fd6bc0add59e62ac25578270cff1b9f619,0xaa3717090cddc9b227e49d0d84a28ac0a996e6ff
0xd85a25332b57cc447a791100e7317e534d553761,282377.1170468576,polygon,4,quickswap,4,0x0d500b1d8e8ef31e21c99d1db9a6444d3adf1270,0xbbba073c31bf03b8acf7c28ef0738decf3695683
0x6b75f2189f0e11c52e814e09e280eb1a9a8a094a,10427.7481487177,polygon,4,uniswap_v3,3,0x1bfd67037b42cf73acf2047067bd4f2c47d9bfd6,0x0d500b1d8e8ef31e21c99d1db9a6444d3adf1270
0x6fc7f7959d57285a03bf7adab56c8aa951145b03,23119.7994189616,polygon,4,uniswap_v3,3,0x7ceb23fd6bc0add59e62ac25578270cff1b9f619,0x50b728d8d964fd00c2d0aad81718b71311fef68a
0x4b440a7de0ab7041934d0c171849a76cc33234fa,136488.1154653598,polygon,4,kyberswap,6,0x2791bca1f2de4661ed88a30c99a7a9449aa84174,0x1c954e8fe737f99f68fa1ccda3e51ebdb291948c
0x960fc6489c9b44da6ba330883dc1898b75a7b27b,8353.9616819705,polygon,4,uniswap_v3,3,0x7ceb23fd6bc0add59e62ac25578270cff1b9f619,0x1bfd67037b42cf73acf2047067bd4f2c47d9bfd6
0x55caabb0d2b704fd0ef8192a7e35d8837e678207,4304969.069890439,polygon,4,quickswap,4,0x2791bca1f2de4661ed88a30c99a7a9449aa84174,0x7ceb23fd6bc0add59e62ac25578270cff1b9f619
0x844b78b8bdd94154b1118ae2c90624d87999c23e,5419.4473780826,polygon,4,dfyn,1,0x2791bca1f2de4661ed88a30c99a7a9449aa84174,0xc3ec80343d2bae2f8e680fdadde7c17e71e114ea
0x70a07239e981a0c3770db6f7b75d6cf48442a147,109844.4551975862,polygon,4,kyberswap,6,0x53e0bca35ec356bd5dddfebbd1fc0fd03fabad39,0x1c954e8fe737f99f68fa1ccda3e51ebdb291948c
0xfc99d1c02d27de07dfe0dcd878cde86ee59c5f6b,65242.7127829075,polygon,4,uniswap_v3,3,0x7ceb23fd6bc0add59e62ac25578270cff1b9f619,0x172370d5cd63279efa6d502dab29171933a610af
0x0a21372e53234e7d9164cf38db573b702681f84c,13531333.44070221,polygon,4,dfyn,1,0x7ceb23fd6bc0add59e62ac25578270cff1b9f619,0xaaa5b9e6c589642f98a1cda99b9d024b8407285a
0xd6e486c197606559946384ae2624367d750a160f,237840.2303358665,polygon,4,quickswap,4,0xc2132d05d31c914a87c6611c10748aeb04b58e8f,0xe06bd4f5aac8d0aa337d13ec88db6defc6eaeefe
0xa5cd8351cbf30b531c7b11b0d9d3ff38ea2e280f,930520.6407038082,polygon,4,quickswap,4,0x2791bca1f2de4661ed88a30c99a7a9449aa84174,0x1bfd67037b42cf73acf2047067bd4f2c47d9bfd6
0xde2d1fd2e8238aba80a5b80c7262e4833d92f624,357618.0337123978,polygon,4,quickswap,4,0x7ceb23fd6bc0add59e62ac25578270cff1b9f619,0xb5c064f955d8e7f38fe0460c556a72987494ee17
0x4d0b8fba429882f4ec58cc04ebeda8c8abcb4ceb,3277.8262437885,polygon,4,uniswap_v3,3,0xe5417af564e4bfda1c483642db72007871397896,0x7075cab6bcca06613e2d071bd918d1a0241379e2
0x56919fbb3b90ca31ee0d8df98325a8631b8258e9,25280.6458114415,polygon,4,quickswap,4,0x2791bca1f2de4661ed88a30c99a7a9449aa84174,0x612d833c0c7a54cdfbe9a4328b6d658020563ec0
0xb556fed3b348634a9a010374c406824ae93f0cf8,88190.4695493157,polygon,4,sushiswap,5,0x7ceb23fd6bc0add59e62ac25578270cff1b9f619,0xe20b9e246db5a0d21bf9209e4858bc9a3ff7a034
0xe7e0eb9f6bcccfe847fdf62a3628319a092f11a2,1485891.201692499,polygon,4,quickswap,4,0x2791bca1f2de4661ed88a30c99a7a9449aa84174,0x8f3cf7ad23cd3cadbd9735aff958023239c6a063
0xcd353f79d9fade311fc3119b841e1f456b54e858,341206.9747982766,polygon,4,sushiswap,5,0x2791bca1f2de4661ed88a30c99a7a9449aa84174,0x0d500b1d8e8ef31e21c99d1db9a6444d3adf1270
0xcb518d14589c27297b476892343950b2af041a4f,58144.1581188673,polygon,4,uniswap_v3,3,0x0d500b1d8e8ef31e21c99d1db9a6444d3adf1270,0xe0bceef36f3a6efdd5eebfacd591423f8549b9d5
0xd90d522211f7a887fd833ececed83a3019e0fc6c,6504.4157858506,polygon,4,uniswap_v3,3,0x0d500b1d8e8ef31e21c99d1db9a6444d3adf1270,0xb0b195aefa3650a6908f15cdac7d92f8a5791b0b
0x6065e615a101cad51c990adbb841b01a9509d919,7126.30979929,polygon,4,uniswap_v3,3,0x0d500b1d8e8ef31e21c99d1db9a6444d3adf1270,0x3a58a54c066fdc0f2d55fc9c89f0415c92ebf3c4
0xa830ff28bb7a46570a7e43dc24a35a663b9cfc2e,534840.411213532,polygon,4,uniswap_v3,3,0x2791bca1f2de4661ed88a30c99a7a9449aa84174,0xd0258a3fd00f38aa8090dfee343f10a9d4d30d3f
0xab0b9ed0e56e217982dc8a48d3500d570f88d2f1,2378.9029041823,polygon,4,uniswap_v3,3,0x0d500b1d8e8ef31e21c99d1db9a6444d3adf1270,0x1796ae0b0fa4862485106a0de9b654efe301d0b2
0x20d4c6f341a7c87b1944d456d8674849ca1001ae,44630.13377,polygon,4,apeswap,7,0x2791bca1f2de4661ed88a30c99a7a9449aa84174,0x0c9c7712c83b3c70e7c5e11100d33d9401bdf9dd
0x7814d9a723844ec8a62af3c28ff9dd7c895c1f24,30847.9528237838,polygon,4,uniswap_v3,3,0x7ceb23fd6bc0add59e62ac25578270cff1b9f619,0xdb725f82818de83e99f1dac22a9b5b51d3d04dd4
0xc6d245565d5c3934e23b120902903dbf6bc27fce,21244.2530045314,polygon,4,dfyn,1,0xa3fa99a148fa48d14ed51d610c367c61876997f1,0xc168e40227e4ebd8c1cae80f7a55a4f0e6d66c97
0xb283e6f596c9a462986ae99c8d4847d06d1ced28,700493.4605508075,polygon,4,kyberswap,6,0x2791bca1f2de4661ed88a30c99a7a9449aa84174,0xa3fa99a148fa48d14ed51d610c367c61876997f1
0x2ffbce9099cbed86984286a54e5932414af4b717,31067.637005285,polygon,4,curve,2,0xe0b52e49357fd4daf2c15e02058dce6bc0057db4,0x4e3decbb3645551b8a19f0ea1678079fcb33fb4c
0x4c38938e21cb9796932b0b0cc3f8a088f07b49b0,8060626.945549236,polygon,4,dfyn,1,0x2791bca1f2de4661ed88a30c99a7a9449aa84174,0xc168e40227e4ebd8c1cae80f7a55a4f0e6d66c97
0x7c1ad16996907c854dbcb5b145ceea06bff120c3,12037.0095165802,polygon,4,dfyn,1,0xc168e40227e4ebd8c1cae80f7a55a4f0e6d66c97,0x211f4e76fcb811ed2b310a232a24b3445d95e3bc
0x6b56de3fe4419d3a81ebfae3a0334255958026c5,66695.8363272832,polygon,4,kyberswap,6,0x7ceb23fd6bc0add59e62ac25578270cff1b9f619,0x1c954e8fe737f99f68fa1ccda3e51ebdb291948c
0x93ef615f1ddd27d0e141ad7192623a5c45e8f200,68663.0403923092,polygon,4,sushiswap,5,0x7ceb23fd6bc0add59e62ac25578270cff1b9f619,0x65a05db8322701724c197af82c9cae41195b0aa8
0xb8815bb531ccc5bbc2462be2eef25a792c095377,75401.1587777337,polygon,4,kyberswap,6,0xc3c7d422809852031b44ab29eec9f1eff2a58756,0x1c954e8fe737f99f68fa1ccda3e51ebdb291948c
0xfae91e08188332ed6ea09b314bbe3fc6cd1432c1,9786.4543654279,polygon,4,uniswap_v3,3,0xd6df932a45c0f255f85145f286ea0b292b21c90b,0x53e0bca35ec356bd5dddfebbd1fc0fd03fabad39
0x941061770214613ba0ca3db9a700c39587bb89b6,41983.6845290158,polygon,4,uniswap_v3,3,0x0d500b1d8e8ef31e21c99d1db9a6444d3adf1270,0x430ef9263e76dae63c84292c3409d61c598e9682
0xe11bd5a3927a2a4e55266959b348c39ba9eaecd4,2336.6380908025,polygon,4,dfyn,1,0x2791bca1f2de4661ed88a30c99a7a9449aa84174,0xe52509181feb30eb4979e29ec70d50fd5c44d590
0x82db69d00218970a286d2785d5cacd652eabef8e,67969.932884059,polygon,4,dfyn,1,0x8a953cfe442c5e8855cc6c61b1293fa648bae472,0x8f18dc399594b451eda8c5da02d0563c0b2d0f16
0xfa22d298e3b0bc1752e5ef2849cec1149d596674,556876.3954811251,polygon,4,uniswap_v3,3,0x2791bca1f2de4661ed88a30c99a7a9449aa84174,0xe2aa7db6da1dae97c5f5c6914d285fbfcc32a128
0xfcf92152659ccaaa68699a21c6c98053d0fa51e1,3414.0364204883,polygon,4,sushiswap,5,0x7ceb23fd6bc0add59e62ac25578270cff1b9f619,0xd6df932a45c0f255f85145f286ea0b292b21c90b
0xce41c5dda325712dd0c6852108272aacdb3177fe,14174.0123312274,polygon,4,uniswap_v3,3,0x0d500b1d8e8ef31e21c99d1db9a6444d3adf1270,0x71eeba415a523f5c952cc2f06361d5443545ad28
0xd7217619279f31da063d738cf1bf7435764a07d9,3514.7710181944,polygon,4,sushiswap,5,0x7ceb23fd6bc0add59e62ac25578270cff1b9f619,0x76e63a3e7ba1e2e61d3da86a87479f983de89a7e
0xc48ae82ca34c63887b975f20aba91a38f2a900b8,64892.7944252797,polygon,4,sushiswap,5,0x7ceb23fd6bc0add59e62ac25578270cff1b9f619,0xa1c57f48f0deb89f569dfbe6e2b7f46d33606fd4
0x8285e5beb07ad954750835ea6c88685b2ccb1d7f,27050.183382117,polygon,4,quickswap,4,0x2791bca1f2de4661ed88a30c99a7a9449aa84174,0xfa68fb4628dff1028cfec22b4162fccd0d45efb6
0x0806a407d6eea72788d91c36829a19d424446040,76395.0202228129,polygon,4,apeswap,7,0x0d500b1d8e8ef31e21c99d1db9a6444d3adf1270,0xc004e2318722ea2b15499d6375905d75ee5390b8
0x141688f5eab27cba15b5588f011bdefc25f9eae6,10391.0022114553,polygon,4,uniswap_v3,3,0x1bfd67037b42cf73acf2047067bd4f2c47d9bfd6,0xd6df932a45c0f255f85145f286ea0b292b21c90b
0x74d23f21f780ca26b47db16b0504f2e3832b9321,145202.4615956299,polygon,4,sushiswap,5,0x7ceb23fd6bc0add59e62ac25578270cff1b9f619,0x53e0bca35ec356bd5dddfebbd1fc0fd03fabad39
0x451e5cfd20f5cf1318b09e712a5719182b2c8963,701680.1082953246,polygon,4,apeswap,7,0x7ceb23fd6bc0add59e62ac25578270cff1b9f619,0xb25e20de2f2ebb4cffd4d16a55c7b395e8a94762
0x447016eec356e01eb62854cb1058c4553f864cce,16206.1173053803,polygon,4,apeswap,7,0x2791bca1f2de4661ed88a30c99a7a9449aa84174,0xc004e2318722ea2b15499d6375905d75ee5390b8
0x029d2d2f276cc7391b6d66ebda5851c54eec8b5b,6104.5042397741,polygon,4,uniswap_v3,3,0xe0b52e49357fd4daf2c15e02058dce6bc0057db4,0x4e3decbb3645551b8a19f0ea1678079fcb33fb4c
0xa14ca327cb7f03db888c9b538f384c9a74bb3ca6,167955677.08971784,polygon,4,dfyn,1,0x2791bca1f2de4661ed88a30c99a7a9449aa84174,0x8a953cfe442c5e8855cc6c61b1293fa648bae472
0x3b31bb4b6ba4f67f4ef54e78bcb0aaa4f53dc7ff,4551.7180367009,polygon,4,sushiswap,5,0xc2132d05d31c914a87c6611c10748aeb04b58e8f,0x8f3cf7ad23cd3cadbd9735aff958023239c6a063
0x849ec65748107aedc518dbc42961f358ea1361a7,8331.7391379193,polygon,4,uniswap_v3,3,0x7ceb23fd6bc0add59e62ac25578270cff1b9f619,0x61299774020da444af134c82fa83e3810b309991
0xab4b63bd6c214ce8409fa1b31afa50d4e17597f9,80031.9845609013,polygon,4,uniswap_v3,3,0xc2132d05d31c914a87c6611c10748aeb04b58e8f,0xb0b195aefa3650a6908f15cdac7d92f8a5791b0b
0xfb6fe7802ba9290ef8b00ca16af4bc26eb663a28,353965.0496541121,polygon,4,curve,2,0x0d500b1d8e8ef31e21c99d1db9a6444d3adf1270,0x3a58a54c066fdc0f2d55fc9c89f0415c92ebf3c4
0x3a5329ee48a06671ad1bf295b8a233ee9b9b975e,1429350.3676297318,polygon,4,uniswap_v3,3,0x7ceb23fd6bc0add59e62ac25578270cff1b9f619,0xb0b195aefa3650a6908f15cdac7d92f8a5791b0b
